"source_section","source_section_name","field_id","field_name","destination","destination_field_name","destination_format","frequency","transformation","quirks_notes","spec_source"
"A","Personal Identity","A-aadhaar_number","Aadhaar Number","aml-fiu","AADHAAR_MASKED","CHAR(12)","on-event","truncate to N","only last-4 transmitted to FIU per UIDAI guidelines; full Aadhaar prohibited in STR/CTR narrative","SEBI/HO/MIRSD/SECFATF/P/CIR/2024/78"
"A","Personal Identity","A-aadhaar_number","Aadhaar Number (Masked)","back-office","aadhaar_masked","VARCHAR(12)","one-time","truncate to N","stored masked XXXX-XXXX-1234; never store full in BO ledger","[industry typical]"
"A","Personal Identity","A-aadhaar_number","Aadhaar Number","bse-ucc","UID","CHAR(12)","one-time","truncate to N","Masked storage; KYC validated via UIDAI (not direct UCC upload)","BSE/20230819-6"
"A","Personal Identity","A-aadhaar_number","Aadhaar (Masked)","cdsl-bo","AADHAAR_MASKED","CHAR(12)","one-time","formatted","First 8 digits replaced with 'X', last 4 visible per CDSL/OPS/DP/SYSTM/2024/628; line 01 reserved position; full Aadhaar never stored","CDSL/OPS/DP/SYSTM/2024/628"
"A","Personal Identity","A-aadhaar_number","Aadhaar Number","ckyc","AADHAAR_LAST4","VARCHAR(4)","one-time","truncate to N","CKYC stores only last-4 digits of Aadhaar; full Aadhaar prohibited per UIDAI","CKYC/2025/16"
"A","Personal Identity","A-aadhaar_number","Aadhaar Number","kra","AADHAAR_REF","VARCHAR(28)","on-modify","derived from Y","KRA does not store full Aadhaar; only masked reference or VID","SEBI/HO/MIRSD/SECFATF/P/CIR/2023/169"
"A","Personal Identity","A-aadhaar_number","Aadhaar Number","mcx-ucc","UID","CHAR(12)","one-time","truncate to N","Masked; not part of canonical MCX UCC fields (KYC-side only)","MCX/TECH/394/2023"
"A","Personal Identity","A-aadhaar_number","Aadhaar (Masked)","nsdl-bo","AdhaarMskdNb","CHAR(12) UDiFF","one-time","formatted","Masked Aadhaar (first 8 X, last 4 visible) in ISO-tagged element; full Aadhaar prohibited by DPDP","NSDL/POLICY/2025/0056"
"A","Personal Identity","A-aadhaar_number","Aadhaar Number","nse-ucc","UID","CHAR(12)","one-time","truncate to N","Masked storage XXXX-XXXX-1234; full Aadhaar never transmitted to exchange UCC","NSE/ISC/61817"
"A","Personal Identity","A-aadhaar_reference_number","Aadhaar Reference (VID)","ckyc","AADHAAR_REFERENCE_NUMBER","VARCHAR(28)","one-time","[direct]","Used when offline Aadhaar XML or eKYC reference applies","CKYC/2025/16"
"A","Personal Identity","A-aadhaar_reference_number","Aadhaar Reference (VID)","kra","AADHAAR_VID","VARCHAR(28)","on-modify","[direct]","Virtual ID or DigiLocker reference; used in lieu of Aadhaar","[industry typical]"
"A","Personal Identity","A-ckyc_number","CKYC Number","aml-fiu","CKYC_KIN","CHAR(14)","on-event","[direct]","CKYC KIN included where available; helps FIU dedupe across REs","SEBI/HO/MIRSD/SECFATF/P/CIR/2024/78"
"A","Personal Identity","A-ckyc_number","CKYC Number (KIN)","back-office","ckyc_kin","CHAR(14)","one-time","[direct]","14-digit KIN; cross-reference field for re-KYC","[industry typical]"
"A","Personal Identity","A-ckyc_number","CKYC Number (KIN)","back-office","ckyc_xref_status","VARCHAR(2)","on-event","[direct]","CKYC submission status; 7-day window from KYC change","SEBI/HO/MIRSD/SECFATF/P/CIR/2024/79"
"A","Personal Identity","A-ckyc_number","CKYC Identification Number (KIN)","bse-ucc","CKYC_KIN","CHAR(14)","one-time","[direct]","Optional; KRA-validated KYC takes precedence","BSE/20240223-42"
"A","Personal Identity","A-ckyc_number","CKYC Number","cdsl-bo","CKYC_KIN","CHAR(14)","one-time","[direct]","14-digit KIN captured at BO opening from CKYCRR fetch; right-aligned with leading zeros","CDSL/OPS/DP/POLCY/2024/312"
"A","Personal Identity","A-ckyc_number","CKYC Identification Number","ckyc","KYC_IDENTIFIER","CHAR(14)","one-time","[direct]","Masked-KIN search returns 'X'-prefixed identifier post 20-Jan-2025; full KIN only on authenticated download","CKYC/2024/04"
"A","Personal Identity","A-ckyc_number","CKYC Number","fatca-crs","CKYC_KIN","CHAR(14)","on-event","[direct]","annual cadence; CKYC KIN linked to FATCA record at KRA; helps dedupe across intermediaries","SEBI/HO/MIRSD/SECFATF/P/CIR/2024/12"
"A","Personal Identity","A-ckyc_number","CKYC Identification Number","kra","CKYC_NO","CHAR(14)","on-modify","[direct]","KRA stores KIN as reference; masked in API responses post Jan 2025","SEBI/HO/MIRSD/SECFATF/P/CIR/2024/79"
"A","Personal Identity","A-ckyc_number","CKYC Identification Number (KIN)","mcx-ucc","CKYC_KIN","CHAR(14)","one-time","[direct]","Optional pass-through field","MCX/TECH/394/2023"
"A","Personal Identity","A-ckyc_number","CKYC Number","nsdl-bo","CKYCNb","CHAR(14) UDiFF","one-time","[direct]","ISO-tagged element; mandatory pipeline DP-KRA-CKYCRR per SEBI June 6, 2024 circular","NSDL/POLICY/2024/0086"
"A","Personal Identity","A-ckyc_number","CKYC Identification Number (KIN)","nse-ucc","CKYC_KIN","CHAR(14)","one-time","[direct]","14-digit KIN; passed for record cross-reference","NSE/ISC/61817"
"A","Personal Identity","A-country_of_birth","Country of Birth","back-office","country_of_birth","CHAR(2)","one-time","[direct]","needed for FATCA US-person determination","[industry typical]"
"A","Personal Identity","A-country_of_birth","Country of Birth","cdsl-bo","COUNTRY_OF_BIRTH","CHAR(2)","one-time","lookup against R","ISO 3166-1 alpha-2; required for FATCA flag captured at KRA but echoed in BO","CDSL/OPS/DP/POLCY/2024/107"
"A","Personal Identity","A-country_of_birth","Country of Birth","ckyc","COUNTRY_OF_BIRTH","CHAR(3)","one-time","lookup against R","CKYC uses ISO 3166 alpha-3; required for FATCA reasonableness","CKYC/2025/16"
"A","Personal Identity","A-country_of_birth","Country of Birth (Section A duplicate)","fatca-crs","COB_ALT","CHAR(2)","on-event","[direct]","same as J05; broker captures in both places; ISO-3166 alpha-2; reconciled at upload","SEBI/HO/MIRSD/SECFATF/P/CIR/2024/12"
"A","Personal Identity","A-country_of_birth","Country of Birth","kra","CTRY_OF_BIRTH","CHAR(2)","on-modify","lookup against R","ISO 3166-1 alpha-2; FATCA-mandatory field centralized at KRA since 01-Jul-2024","SEBI/HO/MIRSD/SECFATF/P/CIR/2024/12"
"A","Personal Identity","A-country_of_birth","Country of Birth","nsdl-bo","CtryOfBirth","CHAR(2) UDiFF","one-time","lookup against R","ISO 3166-1 alpha-2","NSDL/POLICY/2025/0056"
"A","Personal Identity","A-date_of_birth","Date of Birth","aml-fiu","DOB","DATE YYYYMMDD","on-event","formatted","required customer-attribute field in STR/CTR/CBWTR; passed as YYYY-MM-DD per FINnet schema","FIU-IND-REPORTING-FORMAT-V114"
"A","Personal Identity","A-date_of_birth","Date of Birth","back-office","dob","DATE YYYYMMDD","one-time","formatted","Age>=18 enforced at ledger creation; drives age-group risk profile","[industry typical]"
"A","Personal Identity","A-date_of_birth","Date of Birth","bse-ucc","DOB","DATE DD/MM/YYYY","one-time","formatted","Mandatory; PAN+Name+DOB must match Protean; post-registration changes require Unfreeze request with re-verification","BSE/20240223-42"
"A","Personal Identity","A-date_of_birth","Date of Birth","cdsl-bo","DOB","CHAR(8)","one-time","formatted","Reformat DD/MM/YYYY to YYYYMMDD in line 01; right-aligned positional; must match PAN record DOB","CDSL/OPS/DP/SYSTM/2023/119"
"A","Personal Identity","A-date_of_birth","Date of Birth","ckyc","DOB","DATE DD-MM-YYYY","one-time","formatted","CKYC uses DD-MM-YYYY in upload XML; mandatory","CKYC/2025/16"
"A","Personal Identity","A-date_of_birth","Date of Birth","contract-notes","none","none","on-trade","[direct]","not on ECN body; printed only on summary statements; retained in archive for STR cross-ref","[industry typical]"
"A","Personal Identity","A-date_of_birth","Date of Birth","fatca-crs","DOB","DATE YYYYMMDD","on-event","formatted","converted to YYYY-MM-DD per CRS XML schema; passed in OECD ReportableAccount block","SEBI/HO/MIRSD/SECFATF/P/CIR/2024/12"
"A","Personal Identity","A-date_of_birth","Date of Birth","kra","DOB","DATE DD/MM/YYYY","on-modify","formatted","Must match PAN ITD record; KRA rejects on mismatch via 3-param validation","SEBI/HO/MIRSD/SECFATF/P/CIR/2024/41"
"A","Personal Identity","A-date_of_birth","Date of Birth","mcx-ucc","DOB","DATE DDMMYYYY","one-time","formatted","Mandatory; included in pipe-delimited record's financial/personal line","MCX/TECH/394/2023"
"A","Personal Identity","A-date_of_birth","Date of Birth","nsdl-bo","BirthDt","ISODate (YYYY-MM-DD)","one-time","formatted","ISO 8601 date element in UDiFF XML; must match Income Tax Department DOB returned in PAN-flag check","NSDL/POLICY/2024/0041"
"A","Personal Identity","A-date_of_birth","Date of Birth","nse-ucc","DOB","DATE DDMMYYYY","one-time","formatted","Mandatory for individuals (DOI for non-individuals); part of 3-param Protean check; mismatch = X rejection","NSE/ISC/61817"
"A","Personal Identity","A-date_of_birth","Date of Birth","rms","client_dob","DATE YYYYMMDD","one-time","formatted","age-group derives client category for RMS exposure limits","[industry typical]"
"A","Personal Identity","A-din","Director Identification Number","cdsl-bo","DIN_NUMBER","CHAR(8)","one-time","[direct]","8-digit DIN; optional; right-padded","CDSL/OPS/DP/POLCY/2024/208"
"A","Personal Identity","A-din","Director Identification Number","ckyc","DIN","CHAR(8)","one-time","[direct]","Optional in CKYC T1","CKYC/2020/04"
"A","Personal Identity","A-din","Director Identification Number","kra","DIN","CHAR(8)","on-modify","[direct]","Optional; applicable only if customer is a director","[industry typical]"
"A","Personal Identity","A-din","Director Identification Number","nsdl-bo","DIN","CHAR(8) UDiFF","one-time","[direct]","Optional 8-digit element","NSDL/POLICY/2025/0056"
"A","Personal Identity","A-disability_percentage","Disability Percentage","ckyc","PERCENTAGE_OF_IMPAIRMENT","NUMBER(3)","one-time","[direct]","Mandatory if differently_abled=Y per CKYC/2025/11","CKYC/2025/11"
"A","Personal Identity","A-disability_percentage","Disability Percentage","kra","DISABILITY_PCT","NUMBER(3)","on-modify","[direct]","0-100; conditional","[industry typical]"
"A","Personal Identity","A-disability_type","Disability Type","back-office","disability_type","VARCHAR(2)","one-time","[direct]","lookup against code table; conditional only","[industry typical]"
"A","Personal Identity","A-disability_type","Disability Type","ckyc","TYPE_OF_IMPAIRMENT","CHAR(2)","one-time","lookup against R","CKYC code table per CKYC/2025/11 Communique","CKYC/2025/11"
"A","Personal Identity","A-disability_type","Disability Type","kra","DISABILITY_TYPE","CHAR(2)","on-modify","lookup against R","Conditional on is_differently_abled=Y","[industry typical]"
"A","Personal Identity","A-father_spouse_flag","Father/Spouse Flag","back-office","f_or_s_flag","CHAR(1)","one-time","[direct]","F or S; required on KYC AOF header in back-office","[industry typical]"
"A","Personal Identity","A-father_spouse_flag","Father/Spouse Indicator","bse-ucc","FATHER_SPOUSE_FLAG","CHAR(1)","one-time","[direct]","F or S indicator","BSE/20240223-42"
"A","Personal Identity","A-father_spouse_flag","Father/Spouse Flag","cdsl-bo","FATHER_SPOUSE_FLAG","CHAR(1)","one-time","[direct]","Single position in line 01: 'F' or 'S'; mandatory","CDSL/OPS/DP/SYSTM/2023/119"
"A","Personal Identity","A-father_spouse_flag","Father/Spouse Indicator","ckyc","FATHER_SPOUSE_FLAG","CHAR(1)","one-time","[direct]","CKYC field; mandatory in template T1","CKYC/2025/16"
"A","Personal Identity","A-father_spouse_flag","Father/Spouse Indicator","kra","FATHER_SPOUSE_FLAG","CHAR(1)","on-modify","[direct]","F=Father, S=Spouse; controls which name is captured","[industry typical]"
"A","Personal Identity","A-father_spouse_flag","Father/Spouse Indicator","mcx-ucc","FATHER_SPOUSE_FLAG","CHAR(1)","one-time","[direct]","F=Father, S=Spouse; flows to BO file","MCX/TECH/394/2023"
"A","Personal Identity","A-father_spouse_flag","Father/Spouse Flag","nsdl-bo","FthrSpsFlg","CHAR(1) UDiFF","one-time","[direct]","ISO-tagged XML attribute; F=Father, S=Spouse","NSDL/POLICY/2025/0056"
"A","Personal Identity","A-father_spouse_flag","Father/Spouse Indicator","nse-ucc","FATHER_SPOUSE_FLAG","CHAR(1)","one-time","[direct]","F=Father, S=Spouse","NSE/ISC/61817"
"A","Personal Identity","A-father_spouse_name","Father/Spouse Name","back-office","father_spouse_nm","VARCHAR(70)","one-time","[direct]","printed on AOF copy retained 8 yrs per SEBI Stock Brokers Regulations","[industry typical]"
"A","Personal Identity","A-father_spouse_name","Father/Spouse Name","bse-ucc","FATHER_SPOUSE_NAME","VARCHAR(70)","one-time","uppercase","Required in BEFS UCC profile","BSE/20240223-42"
"A","Personal Identity","A-father_spouse_name","Father/Spouse Name","cdsl-bo","FATHER_OR_SPOUSE_NAME","CHAR(70)","one-time","uppercase","Right-padded; mandatory per CDSL operating instructions; line 01 positional field","CDSL/OPS/DP/SYSTM/2023/119"
"A","Personal Identity","A-father_spouse_name","Father/Spouse Name","ckyc","FATHER_SPOUSE_NAME","VARCHAR(140)","one-time","formatted","CKYC validates against OVD where present; mandatory","CKYC/2025/16"
"A","Personal Identity","A-father_spouse_name","Father/Spouse Name","kra","FATHER_SPOUSE_NAME","VARCHAR(140)","on-modify","formatted","KRA stores as single concatenated string; uppercase preferred","[industry typical]"
"A","Personal Identity","A-father_spouse_name","Father/Spouse Name","mcx-ucc","FATHER_SPOUSE_NAME","VARCHAR(70)","one-time","uppercase","Captured in pipe-delimited record","MCX/TECH/394/2023"
"A","Personal Identity","A-father_spouse_name","Father/Spouse Name","nsdl-bo","FthrSpsNm","VARCHAR(70) UDiFF","one-time","uppercase","Mandatory ISO-tagged element in BO Upload format","NSDL/POLICY/2025/0056"
"A","Personal Identity","A-father_spouse_name","Father/Spouse Name","nse-ucc","FATHER_SPOUSE_NAME","VARCHAR(70)","one-time","uppercase","Mandatory for KYC; appears in UCC profile","NSE/ISC/61817"
"A","Personal Identity","A-father_spouse_prefix","Father/Spouse Prefix","ckyc","FATHER_SPOUSE_PREFIX","VARCHAR(5)","one-time","[direct]","CKYC T1 mandatory","CKYC/2020/04"
"A","Personal Identity","A-father_spouse_prefix","Father/Spouse Prefix","kra","FATH_SPOUSE_PREFIX","VARCHAR(5)","on-modify","[direct]","Mr/Mrs/Ms based on relationship","[industry typical]"
"A","Personal Identity","A-first_name","First Name","aml-fiu","FIRST_NAME","VARCHAR(70)","on-event","[direct]","split-name fields in FINnet 2.0 schema (XML elements FirstName/MiddleName/LastName)","FIU-IND-REPORTING-FORMAT-V114"
"A","Personal Identity","A-first_name","First Name","back-office","first_name","VARCHAR(70)","on-modify","[direct]","must match PAN; mismatch blocks ledger creation","[industry typical]"
"A","Personal Identity","A-first_name","First Name","bse-ucc","FIRST_NAME","VARCHAR(85)","one-time","uppercase","Separate First/Middle/Last mandatory for individuals; Client Name limit 85 chars (revised Feb 2024)","BSE/20240223-42"
"A","Personal Identity","A-first_name","First Name","cdsl-bo","FIRST_HOLDER_FIRST_NAME","CHAR(40)","one-time","uppercase","Right-padded with spaces in fixed-length record line 01; must match PAN exactly (4th-char tolerance only); rejects mismatch >2 chars","CDSL/OPS/DP/SYSTM/2023/119"
"A","Personal Identity","A-first_name","First Name","ckyc","FIRST_NAME","VARCHAR(70)","one-time","formatted","CKYC validates against name on OVD; alpha+spaces only","CKYC/2025/16"
"A","Personal Identity","A-first_name","First Name","dlt-comms","FIRST_NAME_VAR","VARCHAR(20)","on-event","[direct]","used for salutation in transactional templates; capitalised on render","[industry typical]"
"A","Personal Identity","A-first_name","First Name","kra","FIRST_NAME","VARCHAR(70)","on-modify","formatted","Must match PAN-card name exactly; KRA rejects on character-level mismatch","SEBI/HO/MIRSD/SECFATF/P/CIR/2024/41"
"A","Personal Identity","A-first_name","First Name","mcx-ucc","FIRST_NAME","VARCHAR(70)","one-time","uppercase","Captured in pipe-delimited 2-row-per-client BO file format","MCX/TECH/394/2023"
"A","Personal Identity","A-first_name","First Name","nsdl-bo","FrstNm","VARCHAR(70) UDiFF","one-time","uppercase","ISO 20022-style element; UTF-8 in XML; must exactly match Income Tax Department record returned in PAN-flag check","NSDL/POLICY/2024/0041"
"A","Personal Identity","A-first_name","First Name","nse-ucc","FIRST_NAME","VARCHAR(70)","one-time","uppercase","Mandatory; must match PAN card; revised format separates First/Middle/Last","NSE/ISC/61817"
"A","Personal Identity","A-full_name","Full Name","aml-fiu","CUSTOMER_NAME","VARCHAR(200)","on-event","[direct]","STR/CTR header field; must match PAN-name; STR narrative also refers to name","FIU-IND-REPORTING-FORMAT-V114"
"A","Personal Identity","A-full_name","Full Name (Sanction Screening)","aml-fiu","SANCTION_SCREEN_NAME","VARCHAR(200)","on-event","uppercase","screened against UNSC 1267/1989 + MHA list per UAPA Sec 51A; positive match -> immediate freeze + STR","SEBI/HO/MIRSD/SECFATF/P/CIR/2024/78"
"A","Personal Identity","A-full_name","Full Name","back-office","client_name","VARCHAR(200)","on-modify","concat with X","concatenation of first+middle+last; used on signed ECN","[industry typical]"
"A","Personal Identity","A-full_name","Full Name (Description)","bse-ucc","CLIENT_NAME_DESC","VARCHAR(150)","one-time","concat with X","Optional 150-char description field; supplementary to First/Middle/Last","BSE/20240223-42"
"A","Personal Identity","A-full_name","Full Name","cdsl-bo","FIRST_HOLDER_FULL_NAME","CHAR(120)","one-time","concat with X","Concatenation of First+Middle+Last with single-space separator; right-padded; max 120 char window in line 01","CDSL/OPS/DP/SYSTM/2023/119"
"A","Personal Identity","A-full_name","Full Name","ckyc","FULL_NAME","VARCHAR(200)","one-time","derived from Y","CKYCRR computes Name field internally; uploaded as concat","CKYC/2020/04"
"A","Personal Identity","A-full_name","Client Full Name","contract-notes","ClientName","VARCHAR(200)","on-trade","[direct]","prints on ECN exactly as in client master; mismatch with PAN-ITD triggers SCORES exposure","NSE/INSP/61999"
"A","Personal Identity","A-full_name","Full Name","dlt-comms","CLIENT_NAME_VAR","VARCHAR(30)","on-event","truncate to N","SMS body limit 160 GSM-7 chars; long names truncated to ~30 chars or rendered ""Dear <First Name>""","[industry typical]"
"A","Personal Identity","A-full_name","Full Name","fatca-crs","ACCOUNT_HOLDER_NAME","VARCHAR(200)","on-event","[direct]","must match PAN-name; CRS XML requires ""ResCountryCode + TIN + Name"" key","SEBI/HO/MIRSD/SECFATF/P/CIR/2024/12"
"A","Personal Identity","A-full_name","Full Name","kra","FULL_NAME","VARCHAR(200)","on-modify","derived from Y","Derived from prefix+first+middle+last; some KRAs reject if mismatch with PAN ITD name","SEBI/HO/MIRSD/SECFATF/P/CIR/2023/169"
"A","Personal Identity","A-full_name","Full Name (Description)","mcx-ucc","CLIENT_NAME","VARCHAR(200)","one-time","concat with X","Captured as concatenated value in pipe-delimited record","MCX/TECH/394/2023"
"A","Personal Identity","A-full_name","Full Name","nsdl-bo","FullNm","VARCHAR(200) UDiFF","one-time","derived from Y","Derived from FrstNm+MddlNm+LastNm at submission; ISO-tagged element","NSDL/POLICY/2025/0056"
"A","Personal Identity","A-full_name","Full Name (Description)","nse-ucc","CLIENT_NAME","VARCHAR(80)","one-time","concat with X","Concat of First+Middle+Last; legacy field still emitted in UCC report; '6666666666'/'notprovided' disallowed","NSE/ISC/47869"
"A","Personal Identity","A-full_name","Client Full Name","regulatory-reports","ClientName","VARCHAR(200)","daily","[direct]","appears in CFR holding-statement API submission; not in margin files (UCC keyed)","NSE/INSP/55039"
"A","Personal Identity","A-gender","Gender","aml-fiu","GENDER","CHAR(1)","on-event","[direct]","M/F/T; XML element Gender; required in CTR per CTR banking format","FIU-IND-CTR-BANKING-FORMAT"
"A","Personal Identity","A-gender","Gender","back-office","gender","CHAR(1)","one-time","[direct]","M/F/T; needed for ITR Form 16A and FATCA refresh","[industry typical]"
"A","Personal Identity","A-gender","Gender","bse-ucc","GENDER","CHAR(1)","one-time","[direct]","M/F/T per CERSAI template","BSE/20240223-42"
"A","Personal Identity","A-gender","Gender","cdsl-bo","GENDER","CHAR(1)","one-time","[direct]","Single char position M/F/T; mandatory in line 01","CDSL/OPS/DP/SYSTM/2023/119"
"A","Personal Identity","A-gender","Gender","ckyc","GENDER","CHAR(1)","one-time","[direct]","M/F/T per CERSAI template; mandatory","CKYC/2025/16"
"A","Personal Identity","A-gender","Gender","kra","GENDER","CHAR(1)","on-modify","[direct]","M=Male, F=Female, T=Transgender","[industry typical]"
"A","Personal Identity","A-gender","Gender","mcx-ucc","GENDER","CHAR(1)","one-time","[direct]","M/F/T flows in UCC pipe-delimited record","MCX/TECH/394/2023"
"A","Personal Identity","A-gender","Gender","nsdl-bo","Gndr","CHAR(1) UDiFF","one-time","[direct]","ISO 5218 mapped (M/F/T); mandatory element","NSDL/POLICY/2025/0056"
"A","Personal Identity","A-gender","Gender","nse-ucc","GENDER","CHAR(1)","one-time","[direct]","M=Male, F=Female, T=Transgender","NSE/ISC/61817"
"A","Personal Identity","A-is_differently_abled","Differently Abled Flag","back-office","diff_abled_flg","CHAR(1)","one-time","[direct]","drives accessibility-mode contract-note dispatch","[industry typical]"
"A","Personal Identity","A-is_differently_abled","Differently Abled Status","ckyc","DIFFERENTLY_ABLED_STATUS","CHAR(1)","one-time","[direct]","New field added per Supreme Court order; bulk file v1.3; effective 30-Sep-2025","CKYC/2025/11"
"A","Personal Identity","A-is_differently_abled","Differently Abled Status","kra","DIFF_ABLED_FLAG","CHAR(1)","on-modify","[direct]","Y/N; KRA template typically follows CKYC field","[industry typical]"
"A","Personal Identity","A-last_name","Last Name","aml-fiu","LAST_NAME","VARCHAR(70)","on-event","[direct]","required XML element LastName","FIU-IND-REPORTING-FORMAT-V114"
"A","Personal Identity","A-last_name","Last Name","back-office","last_name","VARCHAR(70)","on-modify","[direct]","PAN-match strict; downstream to ITR Form 16A dispatch","[industry typical]"
"A","Personal Identity","A-last_name","Last Name","bse-ucc","LAST_NAME","VARCHAR(85)","one-time","uppercase","Mandatory; must match Protean record; reduced 85-char limit","BSE/20240223-42"
"A","Personal Identity","A-last_name","Last Name","cdsl-bo","FIRST_HOLDER_LAST_NAME","CHAR(40)","one-time","uppercase","Right-padded with spaces; mandatory; rejection code 'NAME MISMATCH' if differs from PAN record returned by Protean","CDSL/OPS/DP/SYSTM/2023/119"
"A","Personal Identity","A-last_name","Last Name","ckyc","LAST_NAME","VARCHAR(70)","one-time","formatted","Mandatory; concatenated for FULL_NAME on output","CKYC/2025/16"
"A","Personal Identity","A-last_name","Last Name","kra","LAST_NAME","VARCHAR(70)","on-modify","formatted","Must match PAN; rejection codes include name-mismatch class","SEBI/HO/MIRSD/SECFATF/P/CIR/2024/41"
"A","Personal Identity","A-last_name","Last Name","mcx-ucc","LAST_NAME","VARCHAR(70)","one-time","uppercase","Mandatory in UCC record","MCX/TECH/394/2023"
"A","Personal Identity","A-last_name","Last Name","nsdl-bo","LastNm","VARCHAR(70) UDiFF","one-time","uppercase","Mandatory in ISO-tagged XML; concatenated FrstNm+MddlNm+LastNm must equal Income Tax record name","NSDL/POLICY/2024/0041"
"A","Personal Identity","A-last_name","Last Name","nse-ucc","LAST_NAME","VARCHAR(70)","one-time","uppercase","Mandatory; must match PAN; part of Name in 3-param Protean check","NSE/ISC/61817"
"A","Personal Identity","A-maiden_first_name","Maiden First Name","back-office","maiden_name","VARCHAR(70)","on-modify","[direct]","BSE Unfreeze process references maiden name on name-change","[industry typical]"
"A","Personal Identity","A-maiden_first_name","Maiden First Name","ckyc","MAIDEN_FIRST_NAME","VARCHAR(70)","one-time","formatted","CKYC T1 maiden section; helps legacy-record matching per CKYC/2026/08","CKYC/2026/08"
"A","Personal Identity","A-maiden_first_name","Maiden First Name","kra","MAIDEN_FIRST_NAME","VARCHAR(70)","on-modify","formatted","Optional in KRA template; populated for name-change cases","[industry typical]"
"A","Personal Identity","A-maiden_last_name","Maiden Last Name","ckyc","MAIDEN_LAST_NAME","VARCHAR(70)","one-time","formatted","CKYC maiden subsection","CKYC/2020/04"
"A","Personal Identity","A-maiden_last_name","Maiden Last Name","kra","[same]","VARCHAR(70)","on-modify","formatted","Optional","[industry typical]"
"A","Personal Identity","A-maiden_middle_name","Maiden Middle Name","ckyc","MAIDEN_MIDDLE_NAME","VARCHAR(70)","one-time","formatted","CKYC maiden subsection","CKYC/2020/04"
"A","Personal Identity","A-maiden_middle_name","Maiden Middle Name","kra","[same]","VARCHAR(70)","on-modify","formatted","Optional","[industry typical]"
"A","Personal Identity","A-maiden_prefix","Maiden Prefix","ckyc","MAIDEN_PREFIX","VARCHAR(5)","one-time","[direct]","CKYC T1 captures pre-marriage prefix","CKYC/2020/04"
"A","Personal Identity","A-maiden_prefix","Maiden Prefix","kra","[same]","VARCHAR(5)","on-modify","[direct]","Optional; only if name changed after marriage","[industry typical]"
"A","Personal Identity","A-marital_status","Marital Status","back-office","marital_status","CHAR(1)","on-modify","[direct]","drives name-change workflow on marriage","[industry typical]"
"A","Personal Identity","A-marital_status","Marital Status","bse-ucc","MARITAL_STATUS","CHAR(1)","one-time","[direct]","S/M/O","BSE/20240223-42"
"A","Personal Identity","A-marital_status","Marital Status","cdsl-bo","MARITAL_STATUS","CHAR(1)","one-time","[direct]","Optional code S/M/O in line 01 reserved position","CDSL/OPS/DP/POLCY/2024/208"
"A","Personal Identity","A-marital_status","Marital Status","ckyc","MARITAL_STATUS","CHAR(1)","one-time","[direct]","CKYC optional in T1","CKYC/2020/04"
"A","Personal Identity","A-marital_status","Marital Status","kra","MARITAL_STATUS","CHAR(1)","on-modify","[direct]","S=Single, M=Married, O=Others","[industry typical]"
"A","Personal Identity","A-marital_status","Marital Status","mcx-ucc","MARITAL_STATUS","CHAR(1)","one-time","[direct]","S/M/O","MCX/TECH/394/2023"
"A","Personal Identity","A-marital_status","Marital Status","nsdl-bo","MrtlSts","CHAR(1) UDiFF","one-time","[direct]","Optional ISO-tagged element","NSDL/POLICY/2025/0056"
"A","Personal Identity","A-marital_status","Marital Status","nse-ucc","MARITAL_STATUS","CHAR(1)","one-time","[direct]","S=Single, M=Married, O=Others","NSE/ISC/61817"
"A","Personal Identity","A-middle_name","Middle Name","aml-fiu","MIDDLE_NAME","VARCHAR(70)","on-event","[direct]","optional XML element MiddleName","FIU-IND-REPORTING-FORMAT-V114"
"A","Personal Identity","A-middle_name","Middle Name","back-office","middle_name","VARCHAR(70)","on-modify","[direct]","null-allowed; rendered on contract note Annexure A header","[industry typical]"
"A","Personal Identity","A-middle_name","Middle Name","bse-ucc","MIDDLE_NAME","VARCHAR(85)","one-time","uppercase","Separate Middle name field in revised UCC (post Mar 28 2024)","BSE/20240223-42"
"A","Personal Identity","A-middle_name","Middle Name","cdsl-bo","FIRST_HOLDER_MIDDLE_NAME","CHAR(40)","one-time","uppercase","Right-padded with spaces; optional field but positions in line 01 are reserved; blank fill if absent","CDSL/OPS/DP/SYSTM/2023/119"
"A","Personal Identity","A-middle_name","Middle Name","ckyc","MIDDLE_NAME","VARCHAR(70)","one-time","formatted","CKYC T1 field; optional","CKYC/2020/04"
"A","Personal Identity","A-middle_name","Middle Name","kra","MIDDLE_NAME","VARCHAR(70)","on-modify","formatted","Optional; if present must match PAN","[industry typical]"
"A","Personal Identity","A-middle_name","Middle Name","mcx-ucc","MIDDLE_NAME","VARCHAR(70)","one-time","uppercase","Optional in pipe-delimited UCC record","MCX/TECH/394/2023"
"A","Personal Identity","A-middle_name","Middle Name","nsdl-bo","MddlNm","VARCHAR(70) UDiFF","one-time","uppercase","Optional XML element; omit tag or empty value if not provided","NSDL/POLICY/2024/0041"
"A","Personal Identity","A-middle_name","Middle Name","nse-ucc","MIDDLE_NAME","VARCHAR(70)","one-time","uppercase","Optional; concatenated for legacy fullname callers","NSE/ISC/61817"
"A","Personal Identity","A-mother_name","Mother Name","back-office","mother_name","VARCHAR(70)","one-time","[direct]","transmission docs lookup uses mother name","[industry typical]"
"A","Personal Identity","A-mother_name","Mother's Name","cdsl-bo","MOTHER_NAME","CHAR(70)","one-time","uppercase","Optional position in line 01; blank-pad with spaces if absent","CDSL/OPS/DP/POLCY/2024/208"
"A","Personal Identity","A-mother_name","Mother Name","ckyc","MOTHER_NAME","VARCHAR(70)","one-time","formatted","Mandatory after PMLA Maintenance of Records 2nd Amendment Rules 2023","SEBI/HO/MIRSD/SEC-FATF/P/CIR/2023/0170"
"A","Personal Identity","A-mother_name","Mother Name","kra","MOTHER_NAME","VARCHAR(70)","on-modify","formatted","Optional","[industry typical]"
"A","Personal Identity","A-mother_name","Mother's Name","nsdl-bo","MthrNm","VARCHAR(70) UDiFF","one-time","uppercase","Optional element; included for transmission-to-legal-heir scenarios under TLH framework","NSDL/POLICY/2025/0126"
"A","Personal Identity","A-mother_prefix","Mother Prefix","ckyc","MOTHER_PREFIX","VARCHAR(5)","one-time","[direct]","CKYC T1 mother-section","CKYC/2020/04"
"A","Personal Identity","A-mother_prefix","Mother Prefix","kra","MOTHER_PREFIX","VARCHAR(5)","on-modify","[direct]","Optional in KRA","[industry typical]"
"A","Personal Identity","A-nationality","Nationality","aml-fiu","NATIONALITY","CHAR(2)","on-event","[direct]","ISO-3166 alpha-2; STR risk-classification uses nationality + residential status","SEBI/HO/MIRSD/SECFATF/P/CIR/2024/78"
"A","Personal Identity","A-nationality","Nationality","back-office","nationality_code","CHAR(2)","on-modify","[direct]","ISO code; if non-IN flags FATCA reporting workflow","[industry typical]"
"A","Personal Identity","A-nationality","Nationality","bse-ucc","NATIONALITY","CHAR(2)","one-time","lookup against R","ISO code; required field","BSE/20240223-42"
"A","Personal Identity","A-nationality","Nationality","cdsl-bo","NATIONALITY","CHAR(2)","one-time","lookup against R","ISO 3166-1 alpha-2 country code mapped from CDSL nationality code table; IN for Indian; line 02 position","CDSL/OPS/DP/SYSTM/2023/119"
"A","Personal Identity","A-nationality","Nationality","ckyc","NATIONALITY","CHAR(3)","one-time","lookup against R","CERSAI uses ISO 3166 alpha-3 codes in master country list","CKYC/2025/16"
"A","Personal Identity","A-nationality","Nationality","fatca-crs","NATIONALITY_ISO","CHAR(2)","on-event","[direct]","ISO-3166 alpha-2; not the same as tax residence in FATCA/CRS; separate field on KRA template","SEBI/HO/MIRSD/SECFATF/P/CIR/2024/12"
"A","Personal Identity","A-nationality","Nationality","kra","NATIONALITY","CHAR(2)","on-modify","lookup against R","ISO 3166-1 alpha-2; IN=Indian default","[industry typical]"
"A","Personal Identity","A-nationality","Nationality","mcx-ucc","NATIONALITY","CHAR(2)","one-time","lookup against R","ISO code; required for Foreign category clients","MCX/TECH/394/2023"
"A","Personal Identity","A-nationality","Nationality","nsdl-bo","Ctry","CHAR(2) UDiFF","one-time","lookup against R","ISO 3166-1 alpha-2 element; default IN; UDiFF V2.0.0.0 catalogue","NSDL/POLICY/2025/0042"
"A","Personal Identity","A-nationality","Nationality","nse-ucc","NATIONALITY","CHAR(2)","one-time","lookup against R","ISO country code; default IN","NSE/ISC/61817"
"A","Personal Identity","A-pan_aadhaar_seeding_status","PAN-Aadhaar Linkage Status","cdsl-bo","PAN_AADHAAR_LINK","CHAR(1)","on-event","[direct]","Y/N; freeze reason code 39 if N (CDSL POLCY/2023/643); resolved per SEBI May 14, 2024 simplification","CDSL/OPS/DP/POLCY/2023/643"
"A","Personal Identity","A-pan_aadhaar_seeding_status","PAN-Aadhaar Linkage Status","nsdl-bo","PANAdhaarLnkSts","CHAR(1) UDiFF","on-event","[direct]","Reason code 39 historical; resolved per NSDL/POLICY/2024/0074","NSDL/POLICY/2024/0071"
"A","Personal Identity","A-pan_exempt","PAN Exempt Flag","back-office","pan_exempt_flag","CHAR(1)","one-time","[direct]","Y/N; sets PAN-exempt code in income/charges module","[industry typical]"
"A","Personal Identity","A-pan_exempt","PAN Exempt Flag","cdsl-bo","PAN_EXEMPT_FLAG","CHAR(1)","one-time","[direct]","Y/N flag for specific govt categories; if Y, PAN field may be blank-padded","CDSL/OPS/DP/POLCY/2024/208"
"A","Personal Identity","A-pan_exempt","PAN Exempt Flag","ckyc","PAN_EXEMPTED","CHAR(1)","one-time","[direct]","CKYC accepts Form 60 in lieu of PAN for exempt categories","CKYC/2025/16"
"A","Personal Identity","A-pan_exempt","PAN Exempt Flag","kra","PAN_EXEMPT","CHAR(1)","on-modify","[direct]","Y/N flag for specific govt categories; rare in broking","[industry typical]"
"A","Personal Identity","A-pan_exempt","PAN Exempt Flag","nsdl-bo","PANExmptFlg","CHAR(1) UDiFF","one-time","[direct]","Y/N ISO-tagged element; rare exemption category","NSDL/POLICY/2025/0056"
"A","Personal Identity","A-pan_exempt_category","PAN Exempt Category","back-office","pan_exempt_cat","VARCHAR(2)","one-time","[direct]","lookup against govt-category code table; rare","[industry typical]"
"A","Personal Identity","A-pan_exempt_category","PAN Exempt Category","ckyc","PAN_EXEMPT_CATEGORY","CHAR(2)","one-time","lookup against R","CERSAI publishes exempt category codes; align with PML Rules Rule 9","CKYC/2025/16"
"A","Personal Identity","A-pan_exempt_category","PAN Exempt Category","kra","PAN_EXEMPT_CATG","CHAR(2)","on-modify","lookup against R","Required if pan_exempt=Y; code table maintained by intermediary","[industry typical]"
"A","Personal Identity","A-pan_number","PAN Number","aml-fiu","CUSTOMER_PAN","CHAR(10)","on-event","uppercase","primary client identifier in all FIU reports; STR/CTR rejected by FINnet if PAN missing/invalid format","FIU-IND-REPORTING-FORMAT-V114"
"A","Personal Identity","A-pan_number","PAN (UAPA Screening)","aml-fiu","UAPA_SCREEN_KEY","CHAR(10)","on-event","uppercase","PAN re-screened on every UNSC list refresh; positive match -> freeze + MHA report via FIU-IND","FIU-IND-UAPA-UNSC-UPDATE-21022025"
"A","Personal Identity","A-pan_number","PAN Number","back-office","pan_no","CHAR(10)","on-modify","uppercase","primary key in client master; drives ledger, contract notes, statements","SEBI/HO/MIRSD/POD-1/P/CIR/2025/94"
"A","Personal Identity","A-pan_number","PAN Number","bse-ucc","PAN","CHAR(10)","one-time","uppercase","Validated against Protean eGov; PAN+Name+DOB must all match; mandatory field in revised UCC","BSE/20240223-42"
"A","Personal Identity","A-pan_number","PAN Number","cdsl-bo","FIRST_HOLDER_PAN","CHAR(10)","one-time","uppercase","Line 01 of BO opening fixed-length record; 4th char must be 'P' for Individual; right-padded with spaces; PAN-flag finalization 5-7 days post-opening before trading enabled","CDSL/OPS/DP/SYSTM/2023/119"
"A","Personal Identity","A-pan_number","PAN Number","ckyc","PAN","CHAR(10)","one-time","uppercase","Format \[A-Z\]{5}\[0-9\]{4}\[A-Z\] validated by CKYCRR; mandatory at upload","CKYC/2025/16"
"A","Personal Identity","A-pan_number","PAN Number","contract-notes","ClientPAN","CHAR(10)","on-trade","uppercase","printed verbatim on ECN; 4th char identifies entity type; mandatory header field per revised Annexure A/B","NSE/INSP/61999"
"A","Personal Identity","A-pan_number","PAN Number for Tax Invoice","contract-notes","GSTIN_Customer","VARCHAR(15)","on-trade","derived from Y","GSTIN derived from PAN + state-code for B2B customers (15 char); blank for B2C","NSE/INSP/61999"
"A","Personal Identity","A-pan_number","PAN Number","fatca-crs","INDIA_TIN_PAN","CHAR(10)","on-event","uppercase","PAN serves as India TIN for FATCA/CRS; uploaded as primary tax-identifier with country=IN","SEBI/HO/MIRSD/SECFATF/P/CIR/2024/12"
"A","Personal Identity","A-pan_number","PAN Number","kra","PAN_NO","CHAR(10)","on-modify","uppercase","Validated 3-param (PAN+Name+DOB) against Protean; alphanumeric, 4th char P=Individual; rejection if mismatch","SEBI/HO/MIRSD/SECFATF/P/CIR/2024/41"
"A","Personal Identity","A-pan_number","PAN Number","mcx-ucc","PAN","CHAR(10)","one-time","uppercase","Mandatory in UCC database; also required on ERROR account (must match member's PAN per IT records)","MCX/S&I/644/2024"
"A","Personal Identity","A-pan_number","PAN Number","nsdl-bo","FirstHldrPANNb","CHAR(10) UDiFF","one-time","uppercase","ISO-tagged XML element FirstHldrPANNb; conditionally required per V2.0.0.0; pattern \[A-Z\]{5}\[0-9\]{4}\[A-Z\]; PAN/Aadhaar linkage validated post-opening","NSDL/POLICY/2025/0042"
"A","Personal Identity","A-pan_number","PAN Number","nse-ucc","PAN","CHAR(10)","one-time","uppercase","3-param check (PAN+Name+DOB) against Protean; rejection: A=approved, X=mismatch; mandatory per NSE/ISC/47869","NSE/ISC/47869"
"A","Personal Identity","A-pan_number","PAN Number","regulatory-reports","ClientPAN","CHAR(10)","daily","uppercase","primary client key in MG-12 / SA01-06 / AMGTM client-margin files","NCL/CMPL/44977"
"A","Personal Identity","A-pan_number","PAN Number","regulatory-reports","TM_PAN","CHAR(10)","daily","uppercase","trading member PAN included in CFR header; not client PAN","NSE/INSP/55039"
"A","Personal Identity","A-pan_number","PAN Number","rms","client_pan","CHAR(10)","on-modify","uppercase","PAN is the primary client key for margin envelope keyed by UCC->PAN","[industry typical]"
"A","Personal Identity","A-pan_verify_status","PAN Flag Status","cdsl-bo","PAN_FLAG_STATUS","CHAR(1)","on-event","[direct]","Final gate before trading: PAN flag finalization 5-7 days after BO opening once Income Tax Department validates; values P=Pending, V=Valid, X=Invalid; account remains in suspended state until V","CDSL/OPS/DP/POLCY/2026/234"
"A","Personal Identity","A-pan_verify_status","PAN Flag Status","nsdl-bo","PANFlgSts","CHAR(1) UDiFF","on-event","[direct]","PAN-flag finalization is the final gate 5-7 days post-opening; until then account is restricted; updated via Client Maintenance API","NSDL/POLICY/2024/0071"
"A","Personal Identity","A-photograph","Customer Photograph","ckyc","PHOTOGRAPH","BLOB","one-time","[direct]","CKYC: 200x230 pixels, max 100kb, passport size colour","CERSAI/2023-24"
"A","Personal Identity","A-photograph","Customer Photograph","kra","PHOTO","BLOB","on-modify","[direct]","Passport-size, recent, colour, max 1MB","[industry typical]"
"A","Personal Identity","A-place_of_birth","Place of Birth","back-office","place_of_birth","VARCHAR(50)","one-time","[direct]","FATCA self-cert audit trail","[industry typical]"
"A","Personal Identity","A-place_of_birth","Place of Birth","cdsl-bo","PLACE_OF_BIRTH","CHAR(50)","one-time","[direct]","Optional; right-padded with spaces","CDSL/OPS/DP/POLCY/2024/208"
"A","Personal Identity","A-place_of_birth","Place of Birth","ckyc","PLACE_OF_BIRTH","VARCHAR(50)","one-time","formatted","CKYC T1 mandatory after revised template 2.0","CKYC/2020/04"
"A","Personal Identity","A-place_of_birth","Place of Birth (Section A)","fatca-crs","POB_ALT","VARCHAR(50)","on-event","[direct]","same as J06; FATCA template uses Section J entry; Section A entry used for KRA","SEBI/HO/MIRSD/SECFATF/P/CIR/2024/12"
"A","Personal Identity","A-place_of_birth","Place of Birth","kra","PLACE_OF_BIRTH","VARCHAR(50)","on-modify","formatted","Optional in KRA; required for FATCA cross-check","SEBI/HO/MIRSD/SECFATF/P/CIR/2024/12"
"A","Personal Identity","A-place_of_birth","Place of Birth","nsdl-bo","BirthPlc","VARCHAR(50) UDiFF","one-time","[direct]","Optional ISO-tagged element","NSDL/POLICY/2025/0056"
"A","Personal Identity","A-prefix","Salutation","back-office","salutation","VARCHAR(5)","on-modify","[direct]","appears on contract-note header and welcome kit","[industry typical]"
"A","Personal Identity","A-prefix","Name Prefix / Salutation","bse-ucc","SALUTATION","VARCHAR(5)","one-time","[direct]","Optional in BEFS UCC submission","BSE/20240223-42"
"A","Personal Identity","A-prefix","Name Prefix","cdsl-bo","FIRST_HOLDER_PREFIX","CHAR(5)","one-time","[direct]","Salutation Mr/Mrs/Ms/Dr; right-padded; line 01","CDSL/OPS/DP/POLCY/2024/208"
"A","Personal Identity","A-prefix","Name Prefix","ckyc","PREFIX","VARCHAR(5)","one-time","[direct]","CKYC T1 Individual template field; salutation only","CKYC/2020/04"
"A","Personal Identity","A-prefix","Name Prefix","kra","PREFIX","VARCHAR(5)","on-modify","[direct]","Mr/Mrs/Ms/Dr; KRA template accepts as separate token","[industry typical]"
"A","Personal Identity","A-prefix","Name Prefix / Salutation","mcx-ucc","SALUTATION","VARCHAR(5)","one-time","[direct]","Captured in pipe-delimited 2-row record (header line)","MCX/TECH/394/2023"
"A","Personal Identity","A-prefix","Name Prefix","nsdl-bo","Prfx","VARCHAR(5) UDiFF","one-time","[direct]","Optional prefix element","NSDL/POLICY/2025/0056"
"A","Personal Identity","A-prefix","Name Prefix / Salutation","nse-ucc","SALUTATION","VARCHAR(5)","one-time","[direct]","Mr/Mrs/Ms/Dr; optional but commonly populated","NSE/ISC/61817"
"A","Personal Identity","A-residential_status","Residential Status","aml-fiu","RES_STATUS","CHAR(2)","on-event","lookup against R","RI/NRI/FN/PIO; NRI cross-border txns trigger CBWTR; FN flagged for EDD","SEBI/HO/MIRSD/SECFATF/P/CIR/2024/78"
"A","Personal Identity","A-residential_status","Residential Status","back-office","resi_status","VARCHAR(3)","on-modify","[direct]","RI/NRI/FN/PIO; NRI flag activates PIS-route ledger flags","[industry typical]"
"A","Personal Identity","A-residential_status","Residential Status","back-office","tds_on_payout_rate","NUMBER(5,2)","on-event","lookup against R","TDS on NRI fund-payout per IT Act sec 195; resident no TDS at broker level","Income Tax Act sec 195"
"A","Personal Identity","A-residential_status","Residential Status","bse-ucc","RES_STATUS","CHAR(2)","one-time","[direct]","RI/NRI/FN/PIO determines UCC category (e.g., FDI/DR split per BSE Jan 2025)","BSE/20250110-47"
"A","Personal Identity","A-residential_status","Residential Status","cdsl-bo","RES_STATUS","CHAR(2)","one-time","lookup against R","Code table RI/NR/FN/PI; affects BO sub-status code in line 02; NRI sub-type triggers separate flow","CDSL/OPS/DP/SYSTM/2023/119"
"A","Personal Identity","A-residential_status","NRI Sub-Status Code","cdsl-bo","BO_SUB_STATUS","CHAR(2)","one-time","lookup against R","2-char BO sub-status code; e.g. NRI Repatriable=22, NRI Non-Repatriable=23; line 02","CDSL/OPS/DP/SYSTM/2023/119"
"A","Personal Identity","A-residential_status","Residential Status","ckyc","RESIDENTIAL_STATUS","CHAR(2)","one-time","[direct]","New field added to CKYC template via CKYC/2025/03 Revised; effective 30-May-2025","CKYC/2025/03_Revised"
"A","Personal Identity","A-residential_status","Residential Status","fatca-crs","RES_STATUS_CODE","CHAR(2)","on-event","lookup against R","RI/NRI/FN/PIO drives whether self-certification mandatory and which template variant","SEBI/HO/MIRSD/SECFATF/P/CIR/2024/12"
"A","Personal Identity","A-residential_status","Residential Status","kra","RESI_STATUS","CHAR(2)","on-modify","[direct]","RI/NRI/FN/PIO; KRA accepts via 2024 master KYC circular","SEBI/HO/MIRSD/SECFATF/P/CIR/2023/169"
"A","Personal Identity","A-residential_status","Residential Status","mcx-ucc","RES_STATUS","CHAR(2)","one-time","[direct]","Drives client category (Foreign category in HE/SP/AR/Farmer/VCP/DFI/Foreign/Other)","MCX/TECH/394/2023"
"A","Personal Identity","A-residential_status","Residential Status","nsdl-bo","ResdtlSts","CHAR(2) UDiFF","one-time","lookup against R","Maps to BO client-type code in BO Upload; NRI triggers PIS account validation","NSDL/POLICY/2025/0056"
"A","Personal Identity","A-residential_status","NRI Sub-Status Code","nsdl-bo","BOSubSts","CHAR(2) UDiFF","one-time","lookup against R","Sub-status code element; NRI/PIO/OCI codes differ","NSDL/POLICY/2025/0056"
"A","Personal Identity","A-residential_status","Residential Status","nse-ucc","RES_STATUS","CHAR(2)","one-time","[direct]","RI=Resident Indian, NRI, FN=Foreign National, PIO; drives client_type","NSE/ISC/61817"
"A","Personal Identity","A-residential_status","Residential Status","regulatory-reports","ClientCategory","CHAR(2)","daily","lookup against R","drives NRI flag in MG-12 client-category column; restricts intraday route","NSE/ISC/61817"
"A","Personal Identity","A-residential_status","Residential Status","rms","resi_category","VARCHAR(3)","on-modify","[direct]","NRI flag triggers PIS-route segment block in pre-trade pipeline","[industry typical]"
"A","Personal Identity","A-signature","Customer Signature","ckyc","SIGNATURE","BLOB","one-time","[direct]","CKYC signature image stored with photograph and OVDs","CERSAI/2023-24"
"A","Personal Identity","A-signature","Customer Signature","kra","SIGNATURE","BLOB","on-modify","[direct]","White background; JPEG/PNG max 500KB","[industry typical]"
"A","Personal Identity","A-udid_number","UDID Number","back-office","udid_no","VARCHAR(18)","one-time","[direct]","Unique Disability ID; conditional","[industry typical]"
"A","Personal Identity","A-udid_number","UDID Number","ckyc","UDID_NUMBER","VARCHAR(18)","one-time","uppercase","UDID introduced via CKYC/2025/11; CKYC API v1.3 download supports field","CKYC/2025/11"
"A","Personal Identity","A-udid_number","UDID Number","kra","UDID","VARCHAR(18)","on-modify","uppercase","Format \[A-Z\]{2}\d{16}","[industry typical]"
"AA","DPDP Consent Management","AA-data_retention_end_date","Data Retention End Date","back-office","data_retention_end","DATE YYYYMMDD","on-modify","derived from Y","8 yrs per SEBI Stock Brokers Regulations; auto-purge after","SEBI Stock Brokers Regulations 2026"
"AA","DPDP Act 2023 Consent Management","AA-data_retention_end_date","Data Retention End Date","regulatory-reports","RetentionEndDate","DATE YYYYMMDD","on-modify","derived from Y","8-year horizon per SEBI Stock Brokers Regulations; aligned to ECN archive retention","SEBI/HO/MIRSD/POD-1/P/CIR/2025/94"
"AA","DPDP Consent Management","AA-dpdp_analytics_consent","DPDP Analytics Consent","back-office","dpdp_analytics_consent","CHAR(1)","on-modify","[direct]","gates analytics-event capture","DPDP Act 2023"
"AA","DPDP Consent Management","AA-dpdp_consent_date","DPDP Consent Date","back-office","dpdp_consent_dt","DATE YYYYMMDD","one-time","formatted","consent capture date","DPDP Act 2023"
"AA","DPDP Consent Management","AA-dpdp_consent_obtained","DPDP Consent Obtained","back-office","dpdp_consent_flg","CHAR(1)","one-time","[direct]","DPDP Act 2023 mandatory; appears on AOF eSign metadata","DPDP Act 2023"
"AA","DPDP Consent Management","AA-dpdp_consent_version","DPDP Consent Version","back-office","dpdp_consent_ver","VARCHAR(10)","one-time","[direct]","version of consent text; supports re-prompting on T&C update","DPDP Act 2023"
"AA","DPDP Consent","AA-dpdp_consent_withdrawal_date","DPDP Withdrawal Date","aml-fiu","DPDP_OVERRIDE_FLAG","DATE YYYYMMDD","on-event","[direct]","PMLA obligations override DPDP withdrawal; STR/CTR continue even after consent withdrawn","SEBI/HO/MIRSD/SECFATF/P/CIR/2024/78"
"AA","DPDP Consent Management","AA-dpdp_consent_withdrawal_date","Consent Withdrawal Date","back-office","dpdp_with_dt","DATE YYYYMMDD","on-event","formatted","withdrawal triggers downstream data-deletion workflow","DPDP Act 2023"
"AA","DPDP Consent Management","AA-dpdp_cross_border_consent","DPDP Cross-Border Consent","back-office","dpdp_xb_consent","CHAR(1)","on-modify","[direct]","data-localisation override; rarely Y for India-only clients","DPDP Act 2023"
"AA","DPDP Consent Management","AA-dpdp_marketing_consent","DPDP Marketing Consent","back-office","dpdp_mktg_consent","CHAR(1)","on-modify","[direct]","separate granular consent; gates marketing comms","DPDP Act 2023"
"AA","DPDP Consent","AA-dpdp_marketing_consent","DPDP Marketing Consent","dlt-comms","PROMO_OPTIN_FLAG","CHAR(1)","on-event","[direct]","gates promotional category templates only; transactional/service templates exempt; DPDP requires granular separation","[industry typical]"
"AA","DPDP Consent Management","AA-dpdp_third_party_sharing_consent","DPDP 3P Sharing Consent","back-office","dpdp_3p_consent","CHAR(1)","on-modify","[direct]","third-party sharing flag; controls API-export to partners","DPDP Act 2023"
"AA","DPDP Act 2023 Consent Management","AA-dpdp_third_party_sharing_consent","DPDP Third-Party Sharing Consent","regulatory-reports","none","none","on-modify","[direct]","gates whether broker can share UCC-keyed margin file rows with vendor risk-platforms; consent withdrawal stops downstream flows","[industry typical]"
"AB","Communication Preferences","AB-dnd_registered","DND Registered","back-office","dnd_flg","CHAR(1)","on-modify","[direct]","TRAI DND; promotional SMS suppressed if Y","[industry typical]"
"AB","Communication Preferences","AB-dnd_registered","DND Registered","dlt-comms","DND_FLAG","CHAR(1)","on-event","lookup against R","checked against TRAI DND registry at send-time; transactional category bypasses DND, promotional respects it","[industry typical]"
"AB","Communication Preferences","AB-pref_contract_note_mode","Contract Note Mode","back-office","cn_mode_cd","VARCHAR(2)","on-modify","[direct]","EM/PH; PH triggers physical-dispatch workflow","[industry typical]"
"AB","Communication Preferences","AB-pref_contract_note_mode","Contract Note Delivery Mode","contract-notes","DeliveryMode","CHAR(2)","on-trade","[direct]","EM=Email mandatory; PH=Physical+Email; SMS/IM channel permitted as supplement","NSE/INSP/52604"
"AB","Communication Preferences","AB-pref_contract_note_mode","Contract Note Mode","dlt-comms","CN_DELIVERY_MODE","CHAR(2)","on-event","[direct]","EM (email mandatory) drives daily contract-note email; PH adds physical dispatch","SEBI/HO/MIRSD/POD-1/P/CIR/2025/94"
"AB","Communication Preferences","AB-pref_email_notifications","Email Notifications Pref","back-office","email_notif_flg","CHAR(1)","on-modify","[direct]","cannot be N per SEBI Dec 2024 mandate; default Y","SEBI Dec 3, 2024 SMS/Email mandate"
"AB","Communication Preferences","AB-pref_email_notifications","Email Notification Preference","contract-notes","none","none","on-trade","[direct]","cannot be N per SEBI mandate; primary ECN channel","NSE/INSP/61999"
"AB","Communication Preferences","AB-pref_email_notifications","Email Notifications Pref","dlt-comms","EMAIL_OPTIN_FLAG","CHAR(1)","on-event","[direct]","SEBI mandates contract notes via email; cannot be N for transactional","SEBI/HO/MIRSD/POD-1/P/CIR/2025/94"
"AB","Communication Preferences","AB-pref_language","Language Preference","back-office","lang_pref_cd","VARCHAR(2)","on-modify","[direct]","EN/HI/etc; drives DLT-template language selection","[industry typical]"
"AB","Communication Preferences","AB-pref_language","Preferred Language","dlt-comms","LANG_CODE_VAR","CHAR(2)","on-event","[direct]","DLT template-ID differs per language; broker must register Hindi/regional templates separately","[industry typical]"
"AB","Communication Preferences","AB-pref_sms_notifications","SMS Notifications Pref","back-office","sms_notif_flg","CHAR(1)","on-modify","[direct]","cannot be N per SEBI Dec 2024 mandate; default Y","SEBI Dec 3, 2024 SMS/Email mandate"
"AB","Communication Preferences","AB-pref_sms_notifications","SMS Notifications Pref","dlt-comms","SMS_OPTIN_FLAG","CHAR(1)","on-event","[direct]","SEBI Dec 3, 2024 mandates SMS alerts; cannot be N; opt-out only via DND but transactional category overrides DND","SEBI/HO/MIRSD/POD-1/P/CIR/2025/94"
"AB","Communication Preferences","AB-pref_statement_frequency","Statement Frequency","back-office","stmt_freq_cd","VARCHAR(2)","on-modify","[direct]","DA/WK/MN; drives statement-generation cron","[industry typical]"
"AB","Communication Preferences","AB-pref_whatsapp_notifications","WhatsApp Notifications Pref","back-office","wa_notif_flg","CHAR(1)","on-modify","[direct]","optional; opt-in required separately","[industry typical]"
"AB","Communication Preferences","AB-pref_whatsapp_notifications","WhatsApp Notifications Pref","dlt-comms","WA_OPTIN_FLAG","CHAR(1)","on-event","[direct]","optional; WA business templates pre-approved by Meta; not under TRAI DLT but parallel pre-registration","[industry typical]"
"AB","Communication Preferences","AB-whatsapp_optin_date","WhatsApp Opt-In Date","back-office","wa_optin_dt","DATE YYYYMMDD","on-event","formatted","audit trail for WhatsApp opt-in","[industry typical]"
"AB","Communication Preferences","AB-whatsapp_optin_date","WhatsApp Opt-in Date","dlt-comms","WA_OPTIN_TS","DATE YYYYMMDD","on-event","[direct]","Meta requires explicit opt-in within last 24 months for utility template; refresh needed if older","[industry typical]"
"AC","Running Account Settlement","AC-ras_authorized","RAS Authorized","back-office","ras_auth","CHAR(1)","on-modify","[direct]","client authorization for running-account retention","SEBI/HO/MIRSD/POD-1/P/CIR/2023/193"
"AC","Running Account Settlement","AC-ras_auto_settlement_trigger_days","RAS Auto-Settlement Trigger Days","back-office","ras_trigger_days","NUMBER(3)","on-modify","[direct]","default 30 days inactive; overrides cycle for non-traded clients","SEBI/HO/MIRSD/MIRSD-PoD/P/CIR/2025/04"
"AC","Running Account Settlement","AC-ras_last_settlement_date","RAS Last Settlement Date","back-office","ras_last_dt","DATE YYYYMMDD","on-event","formatted","most recent sweep date","SEBI/HO/MIRSD/POD-1/P/CIR/2023/193"
"AC","Running Account Settlement","AC-ras_last_transaction_date","RAS Last Transaction Date","back-office","ras_last_txn_dt","DATE YYYYMMDD","EOD","derived from Y","last trade/charge date; resets 30-day timer","SEBI/HO/MIRSD/MIRSD-PoD/P/CIR/2025/04"
"AC","Running Account Settlement","AC-ras_last_transaction_date","Last Transaction Date","regulatory-reports","LastTradeDate","DATE YYYYMMDD","daily","[direct]","drives 30-day-inactive auto-settlement trigger per Jan-2025 SEBI circular","SEBI/HO/MIRSD/MIRSD-PoD1/P/CIR/2025/1"
"AC","Running Account Settlement","AC-ras_next_settlement_date","RAS Next Settlement Date","back-office","ras_next_dt","DATE YYYYMMDD","EOD","derived from Y","auto-calc next sweep date based on chosen cycle","SEBI/HO/MIRSD/POD-1/P/CIR/2023/193"
"AC","Running Account Settlement","AC-ras_optin_date","RAS Opt-In Date","back-office","ras_optin_dt","DATE YYYYMMDD","one-time","formatted","audit for client-driven cycle choice","SEBI/HO/MIRSD/POD-1/P/CIR/2023/193"
"AC","Running Account Settlement","AC-ras_settlement_bank_account","RAS Settlement Bank Account","back-office","ras_bank_acct","VARCHAR(18)","on-modify","[direct]","primary bank account for fund return; matches G-account_number where is_primary=Y","SEBI/HO/MIRSD/POD-1/P/CIR/2023/193"
"AC","Running Account Settlement","AC-ras_settlement_bank_account","Running Account Settlement Bank","regulatory-reports","RABankAccount","VARCHAR(18)","on-event","[direct]","fund-return target on running-account settlement run; weekly cadence","SEBI/HO/MIRSD/MIRSD-PoD1/P/CIR/2025/1"
"AC","Running Account Settlement","AC-ras_settlement_frequency","RAS Settlement Frequency","back-office","ras_freq","VARCHAR(2)","on-modify","[direct]","MN/QR; drives sweep-out schedule","SEBI/HO/MIRSD/POD-1/P/CIR/2023/193"
"AC","Running Account Settlement","AC-ras_settlement_frequency","Running Account Settlement Frequency","contract-notes","RAFrequency","CHAR(2)","on-trade","[direct]","MN=Monthly / QR=Quarterly; printed in ECN footer block; aligned to exchange-stipulated Friday/Saturday dates","SEBI/HO/MIRSD/MIRSD-PoD1/P/CIR/2023/197"
"B","Address Details","B-corr_address_line1","Correspondence Address Line1","aml-fiu","ADDRESS_L1","VARCHAR(100)","on-event","[direct]","FINnet AddressLine1 element; required customer attribute","FIU-IND-REPORTING-FORMAT-V114"
"B","Address Details","B-corr_address_line1","Correspondence Address Line 1","back-office","corr_addr1","VARCHAR(100)","on-modify","[direct]","appears on physical contract-note dispatch envelope; statement-of-account header","[industry typical]"
"B","Address Details","B-corr_address_line1","Correspondence Address Line 1","bse-ucc","CORR_ADDR1","VARCHAR(100)","on-modify","[direct]","Mandatory in revised BEFS UCC submission","BSE/20240223-42"
"B","Address Details","B-corr_address_line1","Correspondence Address Line 1","cdsl-bo","CORR_ADDR_LINE_1","CHAR(40)","on-modify","truncate to N","Line 02 of fixed-length file; truncate to 40 chars; right-pad with spaces; rejection if Line1 blank","CDSL/OPS/DP/SYSTM/2023/119"
"B","Address Details","B-corr_address_line1","Correspondence Address Line 1","ckyc","LOCAL_ADDRESS_LINE1","VARCHAR(55)","one-time","truncate to N","CKYC line length is 55; longer KRA values must be split or truncated","CKYC/2025/16"
"B","Address Details","B-corr_address_line1","Correspondence Address Line 1","contract-notes","ClientAddress","VARCHAR(100)","on-trade","concat with X","concatenated with line2 + line3 + city + state + pincode for ECN client-address block","NSE/INSP/61999"
"B","Address Details","B-corr_address_line1","Correspondence Address Line1","fatca-crs","RES_ADDR_L1","VARCHAR(100)","on-event","[direct]","captured in CRS XML AddressFix.Street; required for ReportableAccount block","SEBI/HO/MIRSD/SECFATF/P/CIR/2024/12"
"B","Address Details","B-corr_address_line1","Correspondence Address Line 1","kra","CORR_ADDR_L1","VARCHAR(100)","on-modify","[direct]","Mandatory; KRA validates against POA document","SEBI/HO/MIRSD/SECFATF/P/CIR/2024/41"
"B","Address Details","B-corr_address_line1","Correspondence Address Line 1","mcx-ucc","CORR_ADDR1","VARCHAR(100)","on-modify","[direct]","Mandatory in UCC pipe-delimited record; state/city looked up against State-City Master","MCX/S&I/507/2024"
"B","Address Details","B-corr_address_line1","Correspondence Address Line 1","nsdl-bo","AdrLine1","VARCHAR(100) UDiFF","on-modify","[direct]","ISO 20022-style address element; UDiFF AdrLine1 within PstlAdr block","NSDL/POLICY/2025/0042"
"B","Address Details","B-corr_address_line1","Correspondence Address Line 1","nse-ucc","CORR_ADDR1","VARCHAR(100)","on-modify","[direct]","Part of 'Complete Address' mandatory bundle per NSE/ISC/47869","NSE/ISC/47869"
"B","Address Details","B-corr_address_line2","Correspondence Address Line 2","back-office","corr_addr2","VARCHAR(100)","on-modify","[direct]","null-if-Z when not provided; rendered on AOF retention copy","[industry typical]"
"B","Address Details","B-corr_address_line2","Correspondence Address Line 2","bse-ucc","CORR_ADDR2","VARCHAR(100)","on-modify","[direct]","Optional","BSE/20240223-42"
"B","Address Details","B-corr_address_line2","Correspondence Address Line 2","cdsl-bo","CORR_ADDR_LINE_2","CHAR(40)","on-modify","truncate to N","Line 02 positional; optional; right-pad with spaces if absent","CDSL/OPS/DP/SYSTM/2023/119"
"B","Address Details","B-corr_address_line2","Correspondence Address Line 2","ckyc","LOCAL_ADDRESS_LINE2","VARCHAR(55)","one-time","truncate to N","CKYC restricts to 55 chars per line","CKYC/2025/16"
"B","Address Details","B-corr_address_line2","Correspondence Address Line 2","kra","CORR_ADDR_L2","VARCHAR(100)","on-modify","[direct]","Optional","[industry typical]"
"B","Address Details","B-corr_address_line2","Correspondence Address Line 2","mcx-ucc","CORR_ADDR2","VARCHAR(100)","on-modify","[direct]","Optional in UCC record","MCX/TECH/394/2023"
"B","Address Details","B-corr_address_line2","Correspondence Address Line 2","nsdl-bo","AdrLine2","VARCHAR(100) UDiFF","on-modify","[direct]","Optional ISO-tagged element","NSDL/POLICY/2024/0041"
"B","Address Details","B-corr_address_line2","Correspondence Address Line 2","nse-ucc","CORR_ADDR2","VARCHAR(100)","on-modify","[direct]","Optional continuation","NSE/ISC/61817"
"B","Address Details","B-corr_address_line3","Correspondence Address Line 3","back-office","corr_addr3","VARCHAR(100)","on-modify","[direct]","optional landmark; appears on ITR Form 16A","[industry typical]"
"B","Address Details","B-corr_address_line3","Correspondence Address Line 3","bse-ucc","CORR_ADDR3","VARCHAR(100)","on-modify","[direct]","Optional","BSE/20240223-42"
"B","Address Details","B-corr_address_line3","Correspondence Address Line 3","cdsl-bo","CORR_ADDR_LINE_3","CHAR(40)","on-modify","truncate to N","Line 02 positional; optional","CDSL/OPS/DP/SYSTM/2023/119"
"B","Address Details","B-corr_address_line3","Correspondence Address Line 3","ckyc","LOCAL_ADDRESS_LINE3","VARCHAR(55)","one-time","truncate to N","CKYC has three line fields plus city/district/state/pin","CKYC/2025/16"
"B","Address Details","B-corr_address_line3","Correspondence Address Line 3","kra","CORR_ADDR_L3","VARCHAR(100)","on-modify","[direct]","Optional","[industry typical]"
"B","Address Details","B-corr_address_line3","Correspondence Address Line 3","mcx-ucc","CORR_ADDR3","VARCHAR(100)","on-modify","[direct]","Optional","MCX/TECH/394/2023"
"B","Address Details","B-corr_address_line3","Correspondence Address Line 3","nsdl-bo","AdrLine3","VARCHAR(100) UDiFF","on-modify","[direct]","Optional","NSDL/POLICY/2024/0041"
"B","Address Details","B-corr_address_line3","Correspondence Address Line 3","nse-ucc","CORR_ADDR3","VARCHAR(100)","on-modify","[direct]","Optional","NSE/ISC/61817"
"B","Address Details","B-corr_address_proof_type","Correspondence Address Proof Type","back-office","corr_addr_pf_type","VARCHAR(2)","one-time","[direct]","POA code table; needed for retention audit","[industry typical]"
"B","Address Details","B-corr_address_proof_type","Correspondence Address Proof Type","bse-ucc","ADDR_PROOF_TYPE","CHAR(2)","one-time","[direct]","POA code (Aadhaar/Passport/Utility/etc.)","BSE/20240223-42"
"B","Address Details","B-corr_address_proof_type","Correspondence Address Proof Type","cdsl-bo","ADDR_PROOF_TYPE","CHAR(2)","one-time","lookup against R","POA code table (A=Passport, B=Voter, etc.); mandatory in line 02","CDSL/OPS/DP/SYSTM/2023/119"
"B","Address Details","B-corr_address_proof_type","Correspondence Address Proof Type","ckyc","LOCAL_ADDRESS_PROOF","CHAR(2)","one-time","lookup against R","CERSAI POA code list; revised for Foreign Nationals per CKYC/2025/03","CKYC/2025/03_Revised"
"B","Address Details","B-corr_address_proof_type","Correspondence Address Proof Type","kra","CORR_POA_TYPE","CHAR(2)","on-modify","lookup against R","POA code table A-Z; KRA validates document validity","SEBI/HO/MIRSD/SECFATF/P/CIR/2023/169"
"B","Address Details","B-corr_address_proof_type","Correspondence Address Proof Type","mcx-ucc","ADDR_PROOF_TYPE","CHAR(2)","one-time","[direct]","POA code; mandatory in onboarding upload","MCX/TECH/394/2023"
"B","Address Details","B-corr_address_proof_type","Correspondence Address Proof Type","nsdl-bo","AdrPrfTp","CHAR(2) UDiFF","one-time","lookup against R","POA type code element; mandatory","NSDL/POLICY/2025/0056"
"B","Address Details","B-corr_address_proof_type","Correspondence Address Proof Type","nse-ucc","ADDR_PROOF_TYPE","CHAR(2)","one-time","[direct]","POA code table; submitted with KYC bundle","NSE/ISC/61817"
"B","Address Details","B-corr_city","Correspondence City","aml-fiu","CITY","VARCHAR(50)","on-event","[direct]","STR/CTR geography; FIU uses city-level analysis for typology detection","FIU-IND-REPORTING-FORMAT-V114"
"B","Address Details","B-corr_city","Correspondence City","back-office","corr_city","VARCHAR(50)","on-modify","[direct]","feeds stamp-duty state lookup if state derived from city","[industry typical]"
"B","Address Details","B-corr_city","Correspondence City","bse-ucc","CORR_CITY","VARCHAR(50)","on-modify","lookup against R","Mandatory; validated against BSE city master","BSE/20240223-42"
"B","Address Details","B-corr_city","Correspondence City","cdsl-bo","CORR_CITY","CHAR(35)","on-modify","truncate to N","Right-pad with spaces; mandatory in line 02","CDSL/OPS/DP/SYSTM/2023/119"
"B","Address Details","B-corr_city","Correspondence City","ckyc","LOCAL_CITY","VARCHAR(50)","one-time","lookup against R","CKYC validates against master Pin Code-District-City list","CKYC/2025/16"
"B","Address Details","B-corr_city","Correspondence City","fatca-crs","RES_CITY","VARCHAR(50)","on-event","[direct]","CRS City field","SEBI/HO/MIRSD/SECFATF/P/CIR/2024/12"
"B","Address Details","B-corr_city","Correspondence City","kra","CORR_CITY","VARCHAR(50)","on-modify","formatted","Mandatory","[industry typical]"
"B","Address Details","B-corr_city","Correspondence City","mcx-ucc","CORR_CITY","VARCHAR(50)","on-modify","lookup against R","Validated against State-City Code Master (additions per MCX/S&I/507/2024)","MCX/S&I/507/2024"
"B","Address Details","B-corr_city","Correspondence City","nsdl-bo","TwnNm","VARCHAR(50) UDiFF","on-modify","[direct]","ISO 20022 TwnNm element; mandatory","NSDL/POLICY/2024/0041"
"B","Address Details","B-corr_city","Correspondence City","nse-ucc","CORR_CITY","VARCHAR(50)","on-modify","lookup against R","Validated against city code master","NSE/ISC/61817"
"B","Address Details","B-corr_country","Correspondence Country","aml-fiu","COUNTRY","CHAR(2)","on-event","lookup against R","non-IN country in CBWTR triggers enhanced reporting; FATF-grey-list countries flagged for STR","SEBI/HO/MIRSD/SECFATF/P/CIR/2024/78"
"B","Address Details","B-corr_country","Correspondence Country","back-office","corr_country","VARCHAR(30)","on-modify","[direct]","default India; non-IN triggers FATCA/CRS workflow","[industry typical]"
"B","Address Details","B-corr_country","Correspondence Country","bse-ucc","CORR_COUNTRY","VARCHAR(30)","on-modify","[direct]","Default India","BSE/20240223-42"
"B","Address Details","B-corr_country","Correspondence Country","cdsl-bo","CORR_COUNTRY","CHAR(2)","on-modify","lookup against R","ISO 3166-1 alpha-2; default IN; line 02","CDSL/OPS/DP/SYSTM/2023/119"
"B","Address Details","B-corr_country","Correspondence Country","ckyc","LOCAL_COUNTRY","CHAR(3)","one-time","lookup against R","CKYC uses ISO 3166 alpha-3","CKYC/2025/16"
"B","Address Details","B-corr_country","Correspondence Country","fatca-crs","RES_ADDRESS_COUNTRY","CHAR(2)","on-event","lookup against R","address country used as indicia under CRS; non-IN addr triggers self-cert review even if J01=Y","SEBI/HO/MIRSD/SECFATF/P/CIR/2024/12"
"B","Address Details","B-corr_country","Correspondence Country","kra","CORR_COUNTRY","CHAR(2)","on-modify","lookup against R","ISO alpha-2; default IN","[industry typical]"
"B","Address Details","B-corr_country","Correspondence Country","mcx-ucc","CORR_COUNTRY","VARCHAR(30)","on-modify","[direct]","Default IN; Foreign category triggers separate handling","MCX/TECH/394/2023"
"B","Address Details","B-corr_country","Correspondence Country","nsdl-bo","Ctry","CHAR(2) UDiFF","on-modify","lookup against R","ISO 3166-1 alpha-2 country code in PstlAdr block","NSDL/POLICY/2024/0041"
"B","Address Details","B-corr_country","Correspondence Country","nse-ucc","CORR_COUNTRY","VARCHAR(30)","on-modify","[direct]","Default India; ISO code for Foreign clients","NSE/ISC/61817"
"B","Address Details","B-corr_district","Correspondence District","ckyc","LOCAL_DISTRICT","VARCHAR(50)","one-time","lookup against R","CKYC master district list; required for India addresses","CKYC/2025/16"
"B","Address Details","B-corr_district","Correspondence District","kra","CORR_DISTRICT","VARCHAR(50)","on-modify","formatted","Optional in KRA","[industry typical]"
"B","Address Details","B-corr_pincode","Correspondence Pincode","aml-fiu","PINCODE","VARCHAR(6)","on-event","[direct]","6-digit IN pin; foreign address blocked at this field; use V-block for overseas","FIU-IND-REPORTING-FORMAT-V114"
"B","Address Details","B-corr_pincode","Correspondence PIN Code","back-office","corr_pin","CHAR(6)","on-modify","[direct]","physical dispatch routing","[industry typical]"
"B","Address Details","B-corr_pincode","Correspondence PIN Code","bse-ucc","CORR_PIN","CHAR(6)","on-modify","[direct]","Mandatory; 6 digits","BSE/20240223-42"
"B","Address Details","B-corr_pincode","Correspondence Pincode","cdsl-bo","CORR_PINCODE","CHAR(6)","on-modify","[direct]","6-digit numeric; mandatory; right-padded with leading zeros if needed","CDSL/OPS/DP/SYSTM/2023/119"
"B","Address Details","B-corr_pincode","Correspondence Pincode","ckyc","LOCAL_PIN_CODE","VARCHAR(10)","one-time","[direct]","CKYC supports international postcode for foreign addresses","CKYC/2025/03_Revised"
"B","Address Details","B-corr_pincode","Correspondence Pincode","contract-notes","ClientPincode","CHAR(6)","on-trade","[direct]","six-digit numeric; used with state for GST place-of-supply determination","[industry typical]"
"B","Address Details","B-corr_pincode","Correspondence Pincode","fatca-crs","RES_POSTCODE","VARCHAR(10)","on-event","[direct]","CRS PostCode field; 6 digits for IN; varies for foreign addresses","SEBI/HO/MIRSD/SECFATF/P/CIR/2024/12"
"B","Address Details","B-corr_pincode","Correspondence Pincode","kra","CORR_PINCODE","CHAR(6)","on-modify","[direct]","6 digits for India","[industry typical]"
"B","Address Details","B-corr_pincode","Correspondence PIN Code","mcx-ucc","CORR_PIN","CHAR(6)","on-modify","[direct]","6 digits mandatory in pipe-delimited record","MCX/TECH/394/2023"
"B","Address Details","B-corr_pincode","Correspondence Pincode","nsdl-bo","PstCd","CHAR(6) UDiFF","on-modify","[direct]","ISO 20022 PstCd element; numeric validation","NSDL/POLICY/2024/0041"
"B","Address Details","B-corr_pincode","Correspondence PIN Code","nse-ucc","CORR_PIN","CHAR(6)","on-modify","[direct]","6 digits; mandatory bundled with address per NSE/ISC/47869","NSE/ISC/47869"
"B","Address Details","B-corr_state","Correspondence State","aml-fiu","STATE","VARCHAR(30)","on-event","lookup against R","state-code lookup; FINnet uses standard state list","FIU-IND-REPORTING-FORMAT-V114"
"B","Address Details","B-corr_state","Correspondence State Code","back-office","corr_state_code","VARCHAR(2)","on-modify","lookup against R","drives stamp-duty rate per state for contract-note charges","[industry typical]"
"B","Address Details","B-corr_state","Correspondence State Code","back-office","stamp_duty_rate_pct","NUMBER(5,4)","on-trade","lookup against R","state code drives stamp-duty rate lookup; computed per trade; Maharashtra 0.005%, Delhi 0.005%, etc","Indian Stamp Act + Maharashtra Stamp Act"
"B","Address Details","B-corr_state","Correspondence State","bse-ucc","CORR_STATE","VARCHAR(30)","on-modify","lookup against R","State code; mandatory","BSE/20240223-42"
"B","Address Details","B-corr_state","Correspondence State","cdsl-bo","CORR_STATE","CHAR(2)","on-modify","lookup against R","CDSL state code table (2 chars); mandatory; rejection if invalid code","CDSL/OPS/DP/SYSTM/2023/119"
"B","Address Details","B-corr_state","Correspondence State","ckyc","LOCAL_STATE","CHAR(2)","one-time","lookup against R","CKYC master state list; INTL for non-Indian","CKYC/2025/16"
"B","Address Details","B-corr_state","Correspondence State","contract-notes","StateForStampDuty","CHAR(2)","on-trade","lookup against R","drives state-code for stamp-duty levy on the contract; CC withholds settlement on mismatch","NSE/INSP/61999"
"B","Address Details","B-corr_state","Correspondence State","kra","CORR_STATE","CHAR(2)","on-modify","lookup against R","2-letter state code per Appendix A","[industry typical]"
"B","Address Details","B-corr_state","Correspondence State","mcx-ucc","CORR_STATE","VARCHAR(30)","on-modify","lookup against R","State-City master code; mandatory","MCX/S&I/507/2024"
"B","Address Details","B-corr_state","Correspondence State","nsdl-bo","CtrySubDvsn","CHAR(2) UDiFF","on-modify","lookup against R","ISO 3166-2 subdivision (e.g. IN-MH); mandatory; per V2.0.0.0 catalogue","NSDL/POLICY/2025/0042"
"B","Address Details","B-corr_state","Correspondence State","nse-ucc","CORR_STATE","VARCHAR(30)","on-modify","lookup against R","State code lookup; required field","NSE/ISC/61817"
"B","Address Details","B-corr_state","Correspondence State","regulatory-reports","StampDutyState","CHAR(2)","daily","lookup against R","state-wise stamp-duty reconciliation file from CC; Indian Stamp Act 1899 (Jul-2020 amendment)","NSE/INSP/61999"
"B","Address Details","B-perm_address_line1","Permanent Address Line 1","back-office","perm_addr1","VARCHAR(100)","on-modify","[direct]","ITR Form 16A printout uses perm address","[industry typical]"
"B","Address Details","B-perm_address_line1","Permanent Address Line 1","bse-ucc","PERM_ADDR1","VARCHAR(100)","on-modify","null-if-Z","Null if perm_same_as_corr=Y","BSE/20240223-42"
"B","Address Details","B-perm_address_line1","Permanent Address Line 1","cdsl-bo","PERM_ADDR_LINE_1","CHAR(40)","on-modify","truncate to N","Line 03 of fixed-length; truncate to 40; right-pad with spaces; mandatory if perm_same_as_corr=N","CDSL/OPS/DP/SYSTM/2023/119"
"B","Address Details","B-perm_address_line1","Permanent Address Line 1","ckyc","PERM_ADDRESS_LINE1","VARCHAR(55)","one-time","truncate to N","CKYC permanent block; truncate to 55 chars","CKYC/2025/16"
"B","Address Details","B-perm_address_line1","Permanent Address Line 1","kra","PERM_ADDR_L1","VARCHAR(100)","on-modify","[direct]","Conditional; required if perm_same_as_corr=N","[industry typical]"
"B","Address Details","B-perm_address_line1","Permanent Address Line 1","mcx-ucc","PERM_ADDR1","VARCHAR(100)","on-modify","null-if-Z","Null if perm_same_as_corr=Y","MCX/TECH/394/2023"
"B","Address Details","B-perm_address_line1","Permanent Address Line 1","nsdl-bo","PrmnntAdrLine1","VARCHAR(100) UDiFF","on-modify","[direct]","ISO-tagged element in PrmnntPstlAdr block","NSDL/POLICY/2024/0041"
"B","Address Details","B-perm_address_line1","Permanent Address Line 1","nse-ucc","PERM_ADDR1","VARCHAR(100)","on-modify","null-if-Z","Required if perm_same_as_corr=N","NSE/ISC/61817"
"B","Address Details","B-perm_address_line2","Permanent Address Line 2","ckyc","PERM_ADDRESS_LINE2","VARCHAR(55)","one-time","truncate to N","CKYC permanent block","CKYC/2025/16"
"B","Address Details","B-perm_address_line2","Permanent Address Line 2","kra","PERM_ADDR_L2","VARCHAR(100)","on-modify","[direct]","Conditional","[industry typical]"
"B","Address Details","B-perm_address_line3","Permanent Address Line 3","ckyc","PERM_ADDRESS_LINE3","VARCHAR(55)","one-time","truncate to N","CKYC permanent block","CKYC/2025/16"
"B","Address Details","B-perm_address_line3","Permanent Address Line 3","kra","PERM_ADDR_L3","VARCHAR(100)","on-modify","[direct]","Conditional","[industry typical]"
"B","Address Details","B-perm_address_proof_type","Permanent Address Proof Type","ckyc","PERM_ADDRESS_PROOF","CHAR(2)","one-time","lookup against R","CERSAI POA code; same as local POA code list","CKYC/2025/03_Revised"
"B","Address Details","B-perm_address_proof_type","Permanent Address Proof Type","kra","PERM_POA_TYPE","CHAR(2)","on-modify","lookup against R","Conditional; POA code","[industry typical]"
"B","Address Details","B-perm_city","Permanent City","back-office","perm_city","VARCHAR(50)","on-modify","[direct]","used in CKYC submission record retained in BO","[industry typical]"
"B","Address Details","B-perm_city","Permanent City","bse-ucc","PERM_CITY","VARCHAR(50)","on-modify","lookup against R","Conditional","BSE/20240223-42"
"B","Address Details","B-perm_city","Permanent City","cdsl-bo","PERM_CITY","CHAR(35)","on-modify","truncate to N","Line 03 positional; conditional on perm_same_as_corr=N","CDSL/OPS/DP/SYSTM/2023/119"
"B","Address Details","B-perm_city","Permanent City","ckyc","PERM_CITY","VARCHAR(50)","one-time","lookup against R","CKYC master city list","CKYC/2025/16"
"B","Address Details","B-perm_city","Permanent City","kra","PERM_CITY","VARCHAR(50)","on-modify","formatted","Conditional","[industry typical]"
"B","Address Details","B-perm_city","Permanent City","mcx-ucc","PERM_CITY","VARCHAR(50)","on-modify","lookup against R","City master lookup","MCX/S&I/507/2024"
"B","Address Details","B-perm_city","Permanent City","nsdl-bo","PrmnntTwnNm","VARCHAR(50) UDiFF","on-modify","[direct]","Conditional element","NSDL/POLICY/2024/0041"
"B","Address Details","B-perm_city","Permanent City","nse-ucc","PERM_CITY","VARCHAR(50)","on-modify","lookup against R","Required when permanent address differs","NSE/ISC/61817"
"B","Address Details","B-perm_country","Permanent Country","back-office","perm_country","VARCHAR(30)","on-modify","[direct]","default India","[industry typical]"
"B","Address Details","B-perm_country","Permanent Country","bse-ucc","PERM_COUNTRY","VARCHAR(30)","on-modify","null-if-Z","Default India","BSE/20240223-42"
"B","Address Details","B-perm_country","Permanent Country","cdsl-bo","PERM_COUNTRY","CHAR(2)","on-modify","lookup against R","ISO 3166-1 alpha-2","CDSL/OPS/DP/SYSTM/2023/119"
"B","Address Details","B-perm_country","Permanent Country","ckyc","PERM_COUNTRY","CHAR(3)","one-time","lookup against R","CKYC ISO alpha-3","CKYC/2025/16"
"B","Address Details","B-perm_country","Permanent Country","kra","PERM_COUNTRY","CHAR(2)","on-modify","lookup against R","Conditional; ISO alpha-2","[industry typical]"
"B","Address Details","B-perm_country","Permanent Country","mcx-ucc","PERM_COUNTRY","VARCHAR(30)","on-modify","null-if-Z","Default India","MCX/TECH/394/2023"
"B","Address Details","B-perm_country","Permanent Country","nsdl-bo","PrmnntCtry","CHAR(2) UDiFF","on-modify","lookup against R","ISO 3166-1 alpha-2","NSDL/POLICY/2024/0041"
"B","Address Details","B-perm_country","Permanent Country","nse-ucc","PERM_COUNTRY","VARCHAR(30)","on-modify","null-if-Z","Default India if domestic","NSE/ISC/61817"
"B","Address Details","B-perm_district","Permanent District","ckyc","PERM_DISTRICT","VARCHAR(50)","one-time","lookup against R","CKYC master district list","CKYC/2025/16"
"B","Address Details","B-perm_district","Permanent District","kra","PERM_DISTRICT","VARCHAR(50)","on-modify","formatted","Optional","[industry typical]"
"B","Address Details","B-perm_pincode","Permanent PIN Code","back-office","perm_pin","CHAR(6)","on-modify","[direct]","needed for transmission documents","[industry typical]"
"B","Address Details","B-perm_pincode","Permanent PIN Code","bse-ucc","PERM_PIN","CHAR(6)","on-modify","null-if-Z","Conditional","BSE/20240223-42"
"B","Address Details","B-perm_pincode","Permanent Pincode","cdsl-bo","PERM_PINCODE","CHAR(6)","on-modify","[direct]","6-digit numeric","CDSL/OPS/DP/SYSTM/2023/119"
"B","Address Details","B-perm_pincode","Permanent Pincode","ckyc","PERM_PIN_CODE","VARCHAR(10)","one-time","[direct]","CKYC supports intl postcode","CKYC/2025/03_Revised"
"B","Address Details","B-perm_pincode","Permanent Pincode","kra","PERM_PINCODE","CHAR(6)","on-modify","[direct]","Conditional","[industry typical]"
"B","Address Details","B-perm_pincode","Permanent PIN Code","mcx-ucc","PERM_PIN","CHAR(6)","on-modify","null-if-Z","Conditional 6-digit","MCX/TECH/394/2023"
"B","Address Details","B-perm_pincode","Permanent Pincode","nsdl-bo","PrmnntPstCd","CHAR(6) UDiFF","on-modify","[direct]","Numeric pincode","NSDL/POLICY/2024/0041"
"B","Address Details","B-perm_pincode","Permanent PIN Code","nse-ucc","PERM_PIN","CHAR(6)","on-modify","null-if-Z","6 digits if perm differs","NSE/ISC/61817"
"B","Address Details","B-perm_same_as_corr","Permanent Same as Correspondence","back-office","perm_same_flag","CHAR(1)","on-modify","[direct]","if Y, perm_* fields copy-on-modify of corr_*","[industry typical]"
"B","Address Details","B-perm_same_as_corr","Permanent Same As Correspondence","bse-ucc","PERM_SAME_FLAG","CHAR(1)","one-time","[direct]","Y/N flag","BSE/20240223-42"
"B","Address Details","B-perm_same_as_corr","Permanent Same as Correspondence","cdsl-bo","PERM_SAME_FLAG","CHAR(1)","one-time","[direct]","Y/N; if Y then permanent address fields blank-padded; line 03 position","CDSL/OPS/DP/SYSTM/2023/119"
"B","Address Details","B-perm_same_as_corr","Permanent Same as Correspondence","ckyc","PERMANENT_SAME_FLAG","CHAR(1)","one-time","[direct]","CKYC omits permanent block if Y","CKYC/2020/04"
"B","Address Details","B-perm_same_as_corr","Permanent Same as Correspondence","kra","PERM_SAME_FLAG","CHAR(1)","on-modify","[direct]","If Y, KRA omits permanent section","[industry typical]"
"B","Address Details","B-perm_same_as_corr","Permanent Same As Correspondence","mcx-ucc","PERM_SAME_FLAG","CHAR(1)","one-time","[direct]","Y/N flag","MCX/TECH/394/2023"
"B","Address Details","B-perm_same_as_corr","Permanent Same as Correspondence","nsdl-bo","PrmnntSameFlg","CHAR(1) UDiFF","one-time","[direct]","Y/N element; if Y, permanent address block omitted in XML","NSDL/POLICY/2025/0056"
"B","Address Details","B-perm_same_as_corr","Permanent Same As Correspondence","nse-ucc","PERM_SAME_FLAG","CHAR(1)","one-time","[direct]","Y/N; drives auto-copy of permanent address fields","NSE/ISC/61817"
"B","Address Details","B-perm_state","Permanent State Code","back-office","perm_state_code","VARCHAR(2)","on-modify","lookup against R","state-code lookup; only differs from corr in <20% of cases","[industry typical]"
"B","Address Details","B-perm_state","Permanent State","bse-ucc","PERM_STATE","VARCHAR(30)","on-modify","lookup against R","Conditional","BSE/20240223-42"
"B","Address Details","B-perm_state","Permanent State","cdsl-bo","PERM_STATE","CHAR(2)","on-modify","lookup against R","CDSL state code; line 03","CDSL/OPS/DP/SYSTM/2023/119"
"B","Address Details","B-perm_state","Permanent State","ckyc","PERM_STATE","CHAR(2)","one-time","lookup against R","CKYC master state list","CKYC/2025/16"
"B","Address Details","B-perm_state","Permanent State","kra","PERM_STATE","CHAR(2)","on-modify","lookup against R","Conditional","[industry typical]"
"B","Address Details","B-perm_state","Permanent State","mcx-ucc","PERM_STATE","VARCHAR(30)","on-modify","lookup against R","State-City master","MCX/S&I/507/2024"
"B","Address Details","B-perm_state","Permanent State","nsdl-bo","PrmnntCtrySubDvsn","CHAR(2) UDiFF","on-modify","lookup against R","ISO 3166-2 subdivision code","NSDL/POLICY/2025/0042"
"B","Address Details","B-perm_state","Permanent State","nse-ucc","PERM_STATE","VARCHAR(30)","on-modify","lookup against R","Conditional state code","NSE/ISC/61817"
"B","Address Details","B-poa_address_same_as_corr","POA Same as Correspondence","cdsl-bo","POA_SAME_FLAG","CHAR(1)","one-time","[direct]","Y/N flag; POA document address same as corr address","CDSL/OPS/DP/SYSTM/2023/119"
"B","Address Details","B-poa_address_same_as_corr","POA Same as Correspondence","nsdl-bo","POASameFlg","CHAR(1) UDiFF","one-time","[direct]","Y/N element","NSDL/POLICY/2025/0056"
"C","Contact Details","C-alternate_email","Alternate Email","back-office","alt_email_id","VARCHAR(100)","on-modify","lowercase","secondary delivery if primary bounces","[industry typical]"
"C","Contact Details","C-alternate_email","Alternate Email","bse-ucc","ALT_EMAIL","VARCHAR(100)","on-modify","lowercase","Optional","BSE/20240223-42"
"C","Contact Details","C-alternate_email","Alternate Email","cdsl-bo","ALT_EMAIL","CHAR(100)","on-modify","lowercase","Optional","CDSL/OPS/DP/POLCY/2024/208"
"C","Contact Details","C-alternate_email","Alternate Email","ckyc","ALTERNATE_EMAIL","VARCHAR(100)","one-time","lowercase","CKYC optional","CKYC/2020/04"
"C","Contact Details","C-alternate_email","Alternate Email","dlt-comms","CC_EMAIL","VARCHAR(100)","on-event","lowercase","typically family-member/authorized-user; SEBI does not mandate alert here","[industry typical]"
"C","Contact Details","C-alternate_email","Alternate Email","kra","ALT_EMAIL","VARCHAR(100)","on-modify","lowercase","Optional","[industry typical]"
"C","Contact Details","C-alternate_email","Alternate Email","mcx-ucc","ALT_EMAIL","VARCHAR(100)","on-modify","lowercase","Optional; relationship code required if non-self","MCX/S&I/663/2024"
"C","Contact Details","C-alternate_email","Alternate Email","nsdl-bo","AltEmailAdr","VARCHAR(100) UDiFF","on-modify","lowercase","Optional element","NSDL/POLICY/2025/0056"
"C","Contact Details","C-alternate_email","Alternate Email","nse-ucc","ALT_EMAIL","VARCHAR(100)","on-modify","lowercase","Optional; with relationship if non-self","NSE/ISC/61817"
"C","Contact Details","C-alternate_mobile","Alternate Mobile","back-office","alt_mobile_no","VARCHAR(15)","on-modify","[direct]","fallback for transmission/closure intimation","[industry typical]"
"C","Contact Details","C-alternate_mobile","Alternate Mobile","bse-ucc","ALT_MOBILE","VARCHAR(15)","on-modify","[direct]","Optional","BSE/20240223-42"
"C","Contact Details","C-alternate_mobile","Alternate Mobile","cdsl-bo","ALT_MOBILE","CHAR(15)","on-modify","[direct]","Line 04 optional position; right-padded","CDSL/OPS/DP/POLCY/2024/208"
"C","Contact Details","C-alternate_mobile","Alternate Mobile","ckyc","ALTERNATE_MOBILE","VARCHAR(15)","one-time","[direct]","CKYC optional","CKYC/2020/04"
"C","Contact Details","C-alternate_mobile","Alternate Mobile","dlt-comms","CC_MSISDN","CHAR(10)","on-event","derived from Y","optional CC for critical alerts (margin call, contract note); not always populated","[industry typical]"
"C","Contact Details","C-alternate_mobile","Alternate Mobile","kra","ALT_MOBILE","VARCHAR(15)","on-modify","[direct]","Optional; not validated","[industry typical]"
"C","Contact Details","C-alternate_mobile","Alternate Mobile","mcx-ucc","ALT_MOBILE","VARCHAR(15)","on-modify","[direct]","Optional; relationship code required if non-self","MCX/S&I/663/2024"
"C","Contact Details","C-alternate_mobile","Alternate Mobile","nsdl-bo","AltMblNb","VARCHAR(15) UDiFF","on-modify","[direct]","Optional ISO-tagged element","NSDL/POLICY/2025/0056"
"C","Contact Details","C-alternate_mobile","Alternate Mobile","nse-ucc","ALT_MOBILE","VARCHAR(15)","on-modify","[direct]","Optional; family member with relationship code if used","NSE/ISC/61817"
"C","Contact Details","C-email","Email","aml-fiu","EMAIL","VARCHAR(100)","on-event","lowercase","customer-attribute field; FIU cross-references against other RE filings","FIU-IND-REPORTING-FORMAT-V114"
"C","Contact Details","C-email","Email","back-office","email_id","VARCHAR(100)","on-modify","lowercase","contract-note ECN dispatch; quarterly statement; ITR Form 16A","SEBI/HO/MIRSD/POD-1/P/CIR/2025/94"
"C","Contact Details","C-email","Email Address","bse-ucc","EMAIL_ID","VARCHAR(100)","on-modify","lowercase","Mandatory; OTP-validated; client accounts with unverified email marked ON HOLD","BSE/20230819-6"
"C","Contact Details","C-email","Email","cdsl-bo","EMAIL_ID","CHAR(100)","on-modify","lowercase","Line 04 fixed-length; mandatory per CDSL POLCY/2021/152; right-padded with spaces; RFC 5322 validation; e-CAS sent to this address","CDSL/OPS/DP/POLCY/2021/152"
"C","Contact Details","C-email","Email Address","ckyc","EMAIL_ID","VARCHAR(100)","one-time","lowercase","CKYC stores in lowercase; used in download notifications","CKYC/2025/16"
"C","Contact Details","C-email","Email Address","contract-notes","ClientEmail","VARCHAR(100)","on-trade","lowercase","primary ECN delivery channel; T+24h dispatch SLA; bounce-back retried on alt-email","NSE/INSP/61999"
"C","Contact Details","C-email","Email Address","dlt-comms","TO_EMAIL","VARCHAR(100)","on-event","lowercase","email gateway uses TLS; bounce/complaint rate must be < 0.1% under ESP rules","[industry typical]"
"C","Contact Details","C-email","Email","fatca-crs","CONTACT_EMAIL","VARCHAR(100)","on-event","lowercase","contact channel; not itself indicia; used for self-cert refresh reminders","SEBI/HO/MIRSD/SECFATF/P/CIR/2024/12"
"C","Contact Details","C-email","Email Address","kra","EMAIL","VARCHAR(100)","on-modify","lowercase","KRA validates via email link; kra_email_validated flag set","SEBI/HO/MIRSD/SECFATF/P/CIR/2024/41"
"C","Contact Details","C-email","Email Address","mcx-ucc","EMAIL_ID","VARCHAR(100)","on-modify","lowercase","Mandatory effective 21 Oct 2024 across all UCC categories; AP/employee personal email triggers Rs.15000 penalty","MCX/S&I/663/2024"
"C","Contact Details","C-email","Email","nsdl-bo","EmailAdr","VARCHAR(100) UDiFF","on-modify","lowercase","ISO-tagged element; mandatory; e-CAS by 12th of month sent here","NSDL/POLICY/2025/0022"
"C","Contact Details","C-email","Email Address","nse-ucc","EMAIL_ID","VARCHAR(100)","on-modify","lowercase","Mandatory; 'notprovided@notprovided.com' disallowed; clients without valid email by deadline flagged Closed","NSE/ISC/47869"
"C","Contact Details","C-email_authorised_person","Authorised/Contact Person Name (for Email)","bse-ucc","EMAIL_AUTH_NAME","VARCHAR(100)","one-time","[direct]","Dependent field","BSE/20240223-42"
"C","Contact Details","C-email_authorised_person","Authorised/Contact Person Name (for Email)","mcx-ucc","EMAIL_AUTH_NAME","VARCHAR(100)","one-time","[direct]","Mandatory dependent on Client Email ID (per MCX/S&I/663/2024)","MCX/S&I/663/2024"
"C","Contact Details","C-email_authorised_person","Authorised/Contact Person Name (for Email)","nse-ucc","EMAIL_AUTH_NAME","VARCHAR(100)","one-time","[direct]","Mandatory if email is not own; identifies email-receiving authorised person","NSE/ISC/61817"
"C","Contact Details","C-email_relationship","Relationship with Client (for Email)","bse-ucc","EMAIL_REL","VARCHAR(20)","one-time","[direct]","Dependent field when email is not self's","BSE/20240223-42"
"C","Contact Details","C-email_relationship","Relationship with Client (for Email)","mcx-ucc","EMAIL_REL","VARCHAR(20)","one-time","[direct]","Mandatory dependent field of email per MCX/S&I/663/2024","MCX/S&I/663/2024"
"C","Contact Details","C-email_relationship","Relationship with Client (for Email)","nse-ucc","EMAIL_REL","VARCHAR(20)","one-time","[direct]","If email is not own; relationship code (Self/Spouse/Parent/Child/Sibling/etc.)","NSE/ISC/61817"
"C","Contact Details","C-email_validated","Email Validated","cdsl-bo","EMAIL_OTP_VALIDATED","CHAR(1)","one-time","[direct]","Y/N; email OTP/link validation","CDSL/OPS/DP/POLCY/2021/152"
"C","Contact Details","C-email_validated","Email Validated","nsdl-bo","EmailValdtdFlg","CHAR(1) UDiFF","one-time","[direct]","Email validation flag","NSDL/POLICY/2025/0056"
"C","Contact Details","C-fax_number","Fax Number","ckyc","FAX_NUMBER","VARCHAR(15)","one-time","[direct]","CKYC field retained for legacy","CKYC/2020/04"
"C","Contact Details","C-fax_number","Fax Number","kra","FAX_NO","VARCHAR(15)","on-modify","[direct]","Rarely populated","[industry typical]"
"C","Contact Details","C-fax_std_code","Fax STD Code","ckyc","FAX_STD","VARCHAR(5)","one-time","[direct]","CKYC field retained for legacy","CKYC/2020/04"
"C","Contact Details","C-fax_std_code","Fax STD Code","kra","FAX_STD","VARCHAR(5)","on-modify","[direct]","Rarely populated","[industry typical]"
"C","Contact Details","C-mobile_isd_code","Mobile ISD Code","back-office","mob_isd","VARCHAR(5)","on-modify","[direct]","default +91; used as prefix in DLT SMS template variable","[industry typical]"
"C","Contact Details","C-mobile_isd_code","Mobile ISD Code","bse-ucc","ISD_CODE","VARCHAR(5)","on-modify","[direct]","Default +91","BSE/20240223-42"
"C","Contact Details","C-mobile_isd_code","Mobile ISD Code","cdsl-bo","MOBILE_ISD","CHAR(5)","on-modify","[direct]","Line 04 fixed-length position; default +91 for India; right-padded","CDSL/OPS/DP/SYSTM/2023/119"
"C","Contact Details","C-mobile_isd_code","Mobile ISD Code","ckyc","MOBILE_ISD_CODE","VARCHAR(5)","one-time","[direct]","CKYC stores ISD without leading + sign","CKYC/2025/16"
"C","Contact Details","C-mobile_isd_code","Mobile ISD Code","dlt-comms","COUNTRY_CODE","CHAR(5)","on-event","[direct]","prepended to MSISDN for non-IN; SMS gateway routes via international ILD for non-91","[industry typical]"
"C","Contact Details","C-mobile_isd_code","Mobile ISD Code","kra","MOB_ISD","VARCHAR(5)","on-modify","[direct]","Default +91; KRA stores ISD separately for mobile and phone","[industry typical]"
"C","Contact Details","C-mobile_isd_code","Mobile ISD Code","mcx-ucc","ISD_CODE","VARCHAR(5)","on-modify","[direct]","Default +91","MCX/TECH/394/2023"
"C","Contact Details","C-mobile_isd_code","Mobile ISD Code","nsdl-bo","MblISDCd","CHAR(5) UDiFF","on-modify","[direct]","ISD code element in MblPhneNb block","NSDL/POLICY/2025/0056"
"C","Contact Details","C-mobile_isd_code","Mobile ISD Code","nse-ucc","ISD_CODE","VARCHAR(5)","on-modify","[direct]","Default +91 for Indian residents","NSE/ISC/61817"
"C","Contact Details","C-mobile_number","Mobile Number","aml-fiu","MOBILE","VARCHAR(15)","on-event","[direct]","customer-attribute field in STR/CTR; used by FIU to link transactions across REs","FIU-IND-REPORTING-FORMAT-V114"
"C","Contact Details","C-mobile_number","Mobile Number","back-office","mobile_no","VARCHAR(15)","on-modify","[direct]","10-digit India; trade alerts and DLT-approved SMS routed via DLT-comms","SEBI Dec 3, 2024 SMS/Email mandate"
"C","Contact Details","C-mobile_number","Mobile Number","bse-ucc","MOBILE_NO","VARCHAR(15)","on-modify","[direct]","Mandatory; OTP-validated via UIDAI/SEBI KYC validation framework","BSE/20230819-6"
"C","Contact Details","C-mobile_number","Mobile Number","cdsl-bo","MOBILE_NUMBER","CHAR(15)","on-modify","[direct]","Line 04; mandatory per CDSL POLCY/2021/152 (six mandatory KYC attributes); 10 digit India must start 6/7/8/9; rejection on invalid pattern","CDSL/OPS/DP/POLCY/2021/152"
"C","Contact Details","C-mobile_number","Mobile Number","ckyc","MOBILE_NUMBER","VARCHAR(15)","one-time","[direct]","Used to trigger OTP for download consent post May-2025","CKYC/2025/02"
"C","Contact Details","C-mobile_number","Mobile Number","contract-notes","ClientMobile","VARCHAR(15)","on-trade","[direct]","ECN dispatch via SMS/IM channel permitted in addition to email; DLT-template compliance required","NSE/INSP/52604"
"C","Contact Details","C-mobile_number","Mobile Number","dlt-comms","RECIPIENT_MSISDN","CHAR(10)","on-event","derived from Y","strip +91/0 prefix; DLT requires 10-digit MSISDN; rejected if scrubbed against DND when transactional category not used","[industry typical]"
"C","Contact Details","C-mobile_number","Mobile Number","fatca-crs","CONTACT_MOBILE","VARCHAR(15)","on-event","[direct]","contact channel for FATCA discrepancy queries; foreign mobile triggers indicia review","SEBI/HO/MIRSD/SECFATF/P/CIR/2024/12"
"C","Contact Details","C-mobile_number","Mobile Number","kra","MOBILE_NO","VARCHAR(15)","on-modify","[direct]","KRA validates mobile via OTP; flag kra_mobile_validated set on success","SEBI/HO/MIRSD/SECFATF/P/CIR/2024/41"
"C","Contact Details","C-mobile_number","Mobile Number","mcx-ucc","MOBILE_NO","VARCHAR(15)","on-modify","[direct]","Mandatory; Rs.15000/client penalty if member/AP personal mobile used","MCX/INSP/270/2025"
"C","Contact Details","C-mobile_number","Mobile Number","nsdl-bo","MblNb","VARCHAR(15) UDiFF","on-modify","[direct]","ISO 20022 PhneNb pattern; mandatory; OTP-validated via SCORES 2.0 alerts","NSDL/POLICY/2025/0056"
"C","Contact Details","C-mobile_number","Mobile Number","nse-ucc","MOBILE_NO","VARCHAR(15)","on-modify","[direct]","Mandatory; '6666666666' explicitly disallowed; member AP/employee personal mobile disallowed","NSE/ISC/47869"
"C","Contact Details","C-mobile_validated","Mobile Validated","cdsl-bo","MOBILE_OTP_VALIDATED","CHAR(1)","one-time","[direct]","Y/N; OTP validation flag; mandatory under SEBI six attributes","CDSL/OPS/DP/POLCY/2021/152"
"C","Contact Details","C-mobile_validated","Mobile Validated","nsdl-bo","MblValdtdFlg","CHAR(1) UDiFF","one-time","[direct]","OTP validation flag","NSDL/POLICY/2025/0056"
"C","Contact Details","C-phone_number","Landline Number","back-office","phone_no","VARCHAR(15)","on-modify","[direct]","tape-recording cross-reference for dealer trades","[industry typical]"
"C","Contact Details","C-phone_number","Landline Number","bse-ucc","PHONE_NO","VARCHAR(15)","one-time","[direct]","Optional","BSE/20240223-42"
"C","Contact Details","C-phone_number","Landline Number","cdsl-bo","PHONE_NUMBER","CHAR(15)","one-time","[direct]","Optional line 04 position","CDSL/OPS/DP/SYSTM/2023/119"
"C","Contact Details","C-phone_number","Phone Number","ckyc","TELEPHONE","VARCHAR(15)","one-time","[direct]","CKYC residence/office phone","CKYC/2020/04"
"C","Contact Details","C-phone_number","Phone Number","kra","PHONE_NO","VARCHAR(15)","on-modify","[direct]","Landline; optional","[industry typical]"
"C","Contact Details","C-phone_number","Landline Number","mcx-ucc","PHONE_NO","VARCHAR(15)","one-time","[direct]","Optional","MCX/TECH/394/2023"
"C","Contact Details","C-phone_number","Landline Number","nsdl-bo","PhneNb","VARCHAR(15) UDiFF","one-time","[direct]","Optional ISO-tagged","NSDL/POLICY/2024/0041"
"C","Contact Details","C-phone_number","Landline Number","nse-ucc","PHONE_NO","VARCHAR(15)","one-time","[direct]","Optional landline","NSE/ISC/61817"
"C","Contact Details","C-phone_std_code","Landline STD","back-office","phone_std","VARCHAR(5)","on-modify","[direct]","rarely used; preserved for retention copy","[industry typical]"
"C","Contact Details","C-phone_std_code","Landline STD Code","bse-ucc","PHONE_STD","VARCHAR(5)","one-time","[direct]","Optional","BSE/20240223-42"
"C","Contact Details","C-phone_std_code","Landline STD Code","cdsl-bo","PHONE_STD","CHAR(5)","one-time","[direct]","Optional line 04 position; right-padded","CDSL/OPS/DP/SYSTM/2023/119"
"C","Contact Details","C-phone_std_code","Phone STD Code","ckyc","TELEPHONE_STD","VARCHAR(5)","one-time","[direct]","CKYC residence/office phone STD","CKYC/2020/04"
"C","Contact Details","C-phone_std_code","Phone STD Code","kra","PHONE_STD","VARCHAR(5)","on-modify","[direct]","Landline STD; optional","[industry typical]"
"C","Contact Details","C-phone_std_code","Landline STD Code","mcx-ucc","PHONE_STD","VARCHAR(5)","one-time","[direct]","Optional","MCX/TECH/394/2023"
"C","Contact Details","C-phone_std_code","Landline STD Code","nsdl-bo","PhneSTDCd","CHAR(5) UDiFF","one-time","[direct]","Optional","NSDL/POLICY/2024/0041"
"C","Contact Details","C-phone_std_code","Landline STD Code","nse-ucc","PHONE_STD","VARCHAR(5)","one-time","[direct]","Optional landline STD","NSE/ISC/61817"
"D","Identity Documents (POI)","D-poi_document_image","POI Document Image","ckyc","IDENTITY_PROOF_IMAGE","BLOB","one-time","[direct]","CKYC: 150-200 DPI, max 350kb individual; .tif/.tiff/.pdf/.jpeg/.jpg","CKYC/2025/16"
"D","Identity Documents (POI)","D-poi_document_image","POI Document Image","kra","POI_IMAGE","BLOB","on-modify","[direct]","KRA stores scanned doc; JPEG/PNG/PDF max 2MB","[industry typical]"
"D","Identity Documents (POI)","D-poi_document_number","POI Document Number","back-office","poi_doc_no","VARCHAR(30)","one-time","[direct]","retained per SEBI 8-yr rule","[industry typical]"
"D","Identity Documents (POI)","D-poi_document_number","POI Document Number","ckyc","IDENTITY_PROOF_NO","VARCHAR(30)","one-time","uppercase","Aadhaar last-4 only when poi_type=E per UIDAI masking","CKYC/2025/16"
"D","Identity Documents (POI)","D-poi_document_number","POI Document Number","kra","POI_DOC_NO","VARCHAR(30)","on-modify","uppercase","Format depends on poi_type; PAN \[A-Z\]{5}\d{4}\[A-Z\]","[industry typical]"
"D","Identity Documents (POI)","D-poi_expiry_date","POI Expiry Date","back-office","poi_exp_dt","DATE YYYYMMDD","on-modify","formatted","for Passport/DL; triggers ovd-re-fetch reminder","[industry typical]"
"D","Identity Documents (POI)","D-poi_expiry_date","POI Expiry Date","ckyc","IDENTITY_PROOF_EXPIRY","DATE DD-MM-YYYY","one-time","formatted","CKYC validates expiry for time-bounded OVDs","CKYC/2025/16"
"D","Identity Documents (POI)","D-poi_expiry_date","POI Expiry Date","kra","POI_EXPIRY_DATE","DATE DD/MM/YYYY","on-modify","formatted","Conditional for Passport, DL","[industry typical]"
"D","Identity Documents (POI)","D-poi_issue_date","POI Issue Date","ckyc","IDENTITY_PROOF_ISSUE_DATE","DATE DD-MM-YYYY","one-time","formatted","CKYC optional","CKYC/2020/04"
"D","Identity Documents (POI)","D-poi_issue_date","POI Issue Date","kra","POI_ISSUE_DATE","DATE DD/MM/YYYY","on-modify","formatted","Optional","[industry typical]"
"D","Identity Documents (POI)","D-poi_issuing_authority","POI Issuing Authority","ckyc","IDENTITY_ISSUING_AUTHORITY","VARCHAR(50)","one-time","formatted","CKYC field for non-Indian govt docs and foreign national OVDs","CKYC/2025/03_Revised"
"D","Identity Documents (POI)","D-poi_issuing_authority","POI Issuing Authority","kra","POI_ISSUE_AUTH","VARCHAR(50)","on-modify","formatted","Optional","[industry typical]"
"D","Identity Documents (POI)","D-poi_type","POI Type","back-office","poi_type_cd","VARCHAR(2)","one-time","[direct]","POI code-table; appears on AOF retention","[industry typical]"
"D","Identity Documents (POI)","D-poi_type","POI Document Type Code","bse-ucc","POI_TYPE","CHAR(2)","one-time","[direct]","POI code transmitted in revised UCC","BSE/20240223-42"
"D","Identity Documents (POI)","D-poi_type","POI Type","ckyc","IDENTITY_PROOF_TYPE","CHAR(2)","one-time","lookup against R","CERSAI POI code list; permitted OVDs per CKYC/2025/16 data hygiene","CKYC/2025/16"
"D","Identity Documents (POI)","D-poi_type","POI Type","kra","POI_TYPE","CHAR(2)","on-modify","lookup against R","POI code table A-Z per Appendix A2","[industry typical]"
"D","Identity Documents (POI)","D-poi_type","POI Document Type Code","mcx-ucc","POI_TYPE","CHAR(2)","one-time","[direct]","POI code; mandatory in pipe-delimited record","MCX/TECH/394/2023"
"D","Identity Documents (POI)","D-poi_type","POI Document Type Code","nse-ucc","POI_TYPE","CHAR(2)","one-time","[direct]","Aadhaar(E)/PAN(D)/Passport(A)/Voter(B) etc.; transmitted with KYC bundle","NSE/ISC/61817"
"D","Identity Documents (POI)","D-poi_verified_from_issuer","POI Verified from Issuer","back-office","poi_ver_flg","CHAR(1)","one-time","[direct]","audit trail; required for KRA submission","[industry typical]"
"D","Identity Documents (POI)","D-poi_verified_from_issuer","POI Verified Flag","ckyc","IDENTITY_VERIFIED","CHAR(1)","one-time","[direct]","CKYC mandatory; captured at upload","CKYC/2025/16"
"D","Identity Documents (POI)","D-poi_verified_from_issuer","POI Verified Flag","kra","POI_VERIFIED","CHAR(1)","on-modify","[direct]","Y/N; KRA cross-references with verification source","SEBI/HO/MIRSD/SECFATF/P/CIR/2023/169"
"E","Address Documents (POA)","E-poa_address_same_as_corr","POA Address Same as Correspondence","ckyc","[same]","CHAR(1)","one-time","[direct]","CKYC industry-typical mapping","[industry typical]"
"E","Address Documents (POA)","E-poa_address_same_as_corr","POA Address Same as Correspondence","kra","POA_ADDR_SAME","CHAR(1)","on-modify","[direct]","If N, KRA records discrepancy reason","[industry typical]"
"E","Address Documents (POA)","E-poa_document_image","POA Document Image","ckyc","ADDRESS_PROOF_IMAGE","BLOB","one-time","[direct]","150-200 DPI; max 350kb (individual)","CKYC/2025/16"
"E","Address Documents (POA)","E-poa_document_image","POA Document Image","kra","POA_IMAGE","BLOB","on-modify","[direct]","JPEG/PNG/PDF max 2MB","[industry typical]"
"E","Address Documents (POA)","E-poa_document_number","POA Document Number","back-office","poa_doc_no","VARCHAR(30)","one-time","[direct]","8-yr retention","[industry typical]"
"E","Address Documents (POA)","E-poa_document_number","POA Document Number","ckyc","ADDRESS_PROOF_NO","VARCHAR(30)","one-time","uppercase","CKYC validates structure per POA type","CKYC/2025/16"
"E","Address Documents (POA)","E-poa_document_number","POA Document Number","kra","POA_DOC_NO","VARCHAR(30)","on-modify","uppercase","Format depends on POA type","[industry typical]"
"E","Address Documents (POA)","E-poa_expiry_date","POA Expiry Date","back-office","poa_exp_dt","DATE YYYYMMDD","on-modify","formatted","for Passport/DL","[industry typical]"
"E","Address Documents (POA)","E-poa_expiry_date","POA Expiry Date","ckyc","ADDRESS_PROOF_EXPIRY","DATE DD-MM-YYYY","one-time","formatted","Utility bill: <2 months old; Bank stmt: <3 months","CKYC/2025/16"
"E","Address Documents (POA)","E-poa_expiry_date","POA Expiry Date","kra","POA_EXPIRY_DATE","DATE DD/MM/YYYY","on-modify","formatted","Conditional for Passport, DL","[industry typical]"
"E","Address Documents (POA)","E-poa_issue_date","POA Issue Date","ckyc","ADDRESS_PROOF_ISSUE_DATE","DATE DD-MM-YYYY","one-time","formatted","CKYC checks validity-window for time-bounded POAs","CKYC/2025/16"
"E","Address Documents (POA)","E-poa_issue_date","POA Issue Date","kra","POA_ISSUE_DATE","DATE DD/MM/YYYY","on-modify","formatted","Optional","[industry typical]"
"E","Address Documents (POA)","E-poa_type","POA Type","back-office","poa_type_cd","VARCHAR(2)","one-time","[direct]","POA code-table","[industry typical]"
"E","Address Documents (POA)","E-poa_type","POA Document Type Code","bse-ucc","POA_TYPE","CHAR(2)","one-time","[direct]","POA code; required in onboarding upload","BSE/20240223-42"
"E","Address Documents (POA)","E-poa_type","POA Type","ckyc","ADDRESS_PROOF_TYPE","CHAR(2)","one-time","lookup against R","CERSAI POA codes; revised list for foreign nationals","CKYC/2025/03_Revised"
"E","Address Documents (POA)","E-poa_type","POA Type","kra","POA_TYPE","CHAR(2)","on-modify","lookup against R","POA code table A-Z per Appendix A3","[industry typical]"
"E","Address Documents (POA)","E-poa_type","POA Document Type Code","mcx-ucc","POA_TYPE","CHAR(2)","one-time","[direct]","POA code; required in BO file upload","MCX/TECH/394/2023"
"E","Address Documents (POA)","E-poa_type","POA Document Type Code","nse-ucc","POA_TYPE","CHAR(2)","one-time","[direct]","POA code; transmitted with KYC bundle","NSE/ISC/61817"
"E","Address Documents (POA)","E-poa_verified_from_issuer","POA Verified Flag","ckyc","ADDRESS_VERIFIED","CHAR(1)","one-time","[direct]","CKYC mandatory","CKYC/2025/16"
"E","Address Documents (POA)","E-poa_verified_from_issuer","POA Verified Flag","kra","POA_VERIFIED","CHAR(1)","on-modify","[direct]","Y/N; mandatory","SEBI/HO/MIRSD/SECFATF/P/CIR/2023/169"
"F","Financial Profile","F-declared_annual_income","Declared Annual Income","aml-fiu","DECLARED_INCOME","NUMBER(15,2)","on-event","[direct]","optional exact figure if captured; used in EDD-required STR cases","SEBI/HO/MIRSD/SECFATF/P/CIR/2024/78"
"F","Financial Profile","F-declared_annual_income","Declared Annual Income","back-office","decl_ann_income","NUMBER(15,2)","on-modify","[direct]","INR; appears on AML risk-score input","SEBI/HO/MIRSD/SECFATF/P/CIR/2024/78"
"F","Financial Profile","F-declared_annual_income","Declared Annual Income","bse-ucc","DECL_INCOME","NUMBER(15,2)","on-modify","[direct]","Optional; supplements income range","BSE/20240223-42"
"F","Financial Profile","F-declared_annual_income","Declared Annual Income","ckyc","ANNUAL_INCOME_AMT","NUMBER(15,2)","one-time","[direct]","CKYC optional","CKYC/2020/04"
"F","Financial Profile","F-declared_annual_income","Declared Annual Income","kra","ANN_INCOME_AMT","NUMBER(15,2)","on-modify","[direct]","Optional; INR exact","[industry typical]"
"F","Financial Profile","F-declared_annual_income","Declared Annual Income","mcx-ucc","DECL_INCOME","NUMBER(15,2)","on-modify","[direct]","Optional supplement to income range","MCX/TECH/394/2023"
"F","Financial Profile","F-declared_annual_income","Declared Annual Income","nse-ucc","DECL_INCOME","NUMBER(15,2)","on-modify","[direct]","INR exact; optional but recommended","NSE/ISC/61817"
"F","Financial Profile","F-gross_annual_income_range","Gross Annual Income Range","aml-fiu","INCOME_RANGE","CHAR(2)","on-event","[direct]","income-range code; STR narrative uses to substantiate ""inconsistent with declared income"" suspicion","SEBI/HO/MIRSD/SECFATF/P/CIR/2024/78"
"F","Financial Profile","F-gross_annual_income_range","Gross Annual Income Range","back-office","income_range_cd","VARCHAR(2)","on-modify","lookup against R","income-range code; downstream to charges-differential (some brokers tier brokerage by income)","[industry typical]"
"F","Financial Profile","F-gross_annual_income_range","Gross Annual Income Range","bse-ucc","INCOME_RANGE","CHAR(2)","on-modify","lookup against R","Mandatory in revised UCC; codes 01-06","BSE/20240223-42"
"F","Financial Profile","F-gross_annual_income_range","Gross Annual Income Range","ckyc","GROSS_ANNUAL_INCOME","CHAR(2)","one-time","lookup against R","CKYC same code table; mandatory","CKYC/2025/16"
"F","Financial Profile","F-gross_annual_income_range","Gross Annual Income Range","kra","INCOME_SLAB","CHAR(2)","on-modify","lookup against R","Income range code 01-06; SEBI proposed revised slabs Jan 2026","[industry typical]"
"F","Financial Profile","F-gross_annual_income_range","Gross Annual Income Range","mcx-ucc","INCOME_RANGE","CHAR(2)","on-modify","lookup against R","Mandatory; drives income-proof tagging; required for ALL MCX clients (not just F&O) per MCX/S&I/663/2024","MCX/S&I/663/2024"
"F","Financial Profile","F-gross_annual_income_range","Gross Annual Income Range","nse-ucc","INCOME_RANGE","CHAR(2)","on-modify","lookup against R","Mandatory per NSE/ISC/47869; codes 01-06; SEBI Jan 2026 proposes revised ranges","NSE/ISC/47869"
"F","Financial Profile","F-gross_annual_income_range","Annual Income Range Code","regulatory-reports","IncomeRange","CHAR(2)","daily","lookup against R","01-06 code; drives F&O eligibility check and AML high-value-trade alerts; SEBI Jan-2026 revision pending","SEBI/HO/MIRSD/POD-1/P/CIR/2025/94"
"F","Financial Profile","F-gross_annual_income_range","Gross Annual Income Range","rms","income_tier","VARCHAR(2)","on-modify","lookup against R","income-tier feeds maximum-allowed exposure multiplier","[industry typical]"
"F","Financial Profile","F-income_proof_document","Income Proof Document","bse-ucc","INC_PROOF_DOC","BLOB ref","one-time","[direct]","Document URI/hash; required for F&O/Commodity","BSE/20240223-42"
"F","Financial Profile","F-income_proof_document","Income Proof Document","mcx-ucc","INC_PROOF_DOC","BLOB ref","one-time","[direct]","Mandatory for ALL clients; document must be uploaded with UCC submission","MCX/S&I/663/2024"
"F","Financial Profile","F-income_proof_document","Income Proof Document","nse-ucc","INC_PROOF_DOC","BLOB ref","one-time","[direct]","Document URI/hash; required for F&O/Commodity","NSE/ISC/61817"
"F","Financial Profile","F-income_proof_financial_year","Income Proof Financial Year","back-office","inc_proof_fy","VARCHAR(9)","on-modify","[direct]","YYYY-YYYY format","[industry typical]"
"F","Financial Profile","F-income_proof_financial_year","Income Proof Financial Year","bse-ucc","INC_PROOF_FY","VARCHAR(9)","one-time","formatted","Format YYYY-YYYY","BSE/20240223-42"
"F","Financial Profile","F-income_proof_financial_year","Income Proof Financial Year","mcx-ucc","INC_PROOF_FY","VARCHAR(9)","one-time","formatted","Format YYYY-YYYY; refresh annually for commodity segment","MCX/TECH/394/2023"
"F","Financial Profile","F-income_proof_financial_year","Income Proof Financial Year","nse-ucc","INC_PROOF_FY","VARCHAR(9)","one-time","formatted","Format YYYY-YYYY; refresh annually for F&O clients","NSE/ISC/61817"
"F","Financial Profile","F-income_proof_type","Income Proof Type","back-office","inc_proof_type","VARCHAR(2)","on-modify","[direct]","conditional; required for F&O/COM segment fee charging","[industry typical]"
"F","Financial Profile","F-income_proof_type","Income Proof Type","bse-ucc","INC_PROOF_TYPE","CHAR(2)","one-time","[direct]","Required for F&O / Commodity segment activation only","BSE/20240223-42"
"F","Financial Profile","F-income_proof_type","Income Proof Type","mcx-ucc","INC_PROOF_TYPE","CHAR(2)","one-time","[direct]","MANDATORY for ALL MCX clients (not just derivatives); codes BS/SS/IT/F16/NW/DH/FD","MCX/S&I/663/2024"
"F","Financial Profile","F-income_proof_type","Income Proof Type","nse-ucc","INC_PROOF_TYPE","CHAR(2)","one-time","[direct]","Required for F&O / Commodity segment activation only","NSE/ISC/61817"
"F","Financial Profile","F-net_worth","Net Worth","aml-fiu","NET_WORTH","NUMBER(15,2)","on-event","[direct]","captured at onboarding; cited in STR narrative where transactions exceed net worth","SEBI/HO/MIRSD/SECFATF/P/CIR/2024/78"
"F","Financial Profile","F-net_worth","Net Worth","back-office","net_worth_inr","NUMBER(15,2)","on-modify","[direct]","INR Lakhs; gate for F&O/COM activation","[industry typical]"
"F","Financial Profile","F-net_worth","Net Worth","bse-ucc","NET_WORTH","NUMBER(15,2)","on-modify","[direct]","Required for F&O segment activation","BSE/20240223-42"
"F","Financial Profile","F-net_worth","Net Worth","ckyc","NETWORTH","NUMBER(15,2)","one-time","[direct]","CKYC optional field","CKYC/2020/04"
"F","Financial Profile","F-net_worth","Net Worth","kra","NET_WORTH","NUMBER(15,2)","on-modify","[direct]","INR Lakhs; KRA optional","[industry typical]"
"F","Financial Profile","F-net_worth","Net Worth","mcx-ucc","NET_WORTH","NUMBER(15,2)","on-modify","[direct]","Required (with date) for all commodity segment clients","MCX/TECH/394/2023"
"F","Financial Profile","F-net_worth","Net Worth","nse-ucc","NET_WORTH","NUMBER(15,2)","on-modify","[direct]","Required for F&O segment activation; INR Lakhs","NSE/ISC/61817"
"F","Financial Profile","F-net_worth","Net Worth","regulatory-reports","NetWorth","NUMBER(15,2)","on-modify","[direct]","reported in CFR for high-net-worth clients; must be < 1-yr old per master-dataset F06","[industry typical]"
"F","Financial Profile","F-net_worth","Net Worth","rms","client_net_worth","NUMBER(15,2)","on-modify","[direct]","net-worth threshold gates F&O segment limit","[industry typical]"
"F","Financial Profile","F-net_worth_date","Net Worth Date","back-office","net_worth_date","DATE YYYYMMDD","on-modify","formatted","must be <1yr old; auto-re-prompt on staleness","[industry typical]"
"F","Financial Profile","F-net_worth_date","Net Worth Date","bse-ucc","NW_DATE","DATE DD/MM/YYYY","on-modify","formatted","Must be < 1 year old","BSE/20240223-42"
"F","Financial Profile","F-net_worth_date","Net Worth Date","ckyc","NETWORTH_DATE","DATE DD-MM-YYYY","one-time","formatted","CKYC optional","CKYC/2020/04"
"F","Financial Profile","F-net_worth_date","Net Worth Date","kra","NET_WORTH_DATE","DATE DD/MM/YYYY","on-modify","formatted","Conditional; must be <1 year old","[industry typical]"
"F","Financial Profile","F-net_worth_date","Net Worth Date","mcx-ucc","NW_DATE","DATE DDMMYYYY","on-modify","formatted","Must be < 1 year old","MCX/TECH/394/2023"
"F","Financial Profile","F-net_worth_date","Net Worth Date","nse-ucc","NW_DATE","DATE DDMMYYYY","on-modify","formatted","Must be < 1 year old at submission","NSE/ISC/61817"
"F","Financial Profile","F-occupation","Occupation","aml-fiu","OCCUPATION","CHAR(2)","on-event","lookup against R","customer-profile field; STR narrative cites occupation when transactions are inconsistent with profile","SEBI/HO/MIRSD/SECFATF/P/CIR/2024/78"
"F","Financial Profile","F-occupation","Occupation Code","back-office","occupation_cd","VARCHAR(2)","on-modify","lookup against R","occupation code-table; flag for high-risk occupation buckets in AML risk-tier","SEBI/HO/MIRSD/SECFATF/P/CIR/2024/78"
"F","Financial Profile","F-occupation","Occupation","bse-ucc","OCCUPATION","CHAR(2)","on-modify","lookup against R","Occupation code table; mandatory","BSE/20240223-42"
"F","Financial Profile","F-occupation","Occupation","ckyc","OCCUPATION_TYPE","CHAR(2)","one-time","lookup against R","CERSAI occupation codes; same table as KRA per Appendix A1","CKYC/2025/16"
"F","Financial Profile","F-occupation","Occupation","kra","OCCUPATION","CHAR(2)","on-modify","lookup against R","KRA/CKYC shared occupation code table (01-11, 99)","SEBI/HO/MIRSD/SECFATF/P/CIR/2023/169"
"F","Financial Profile","F-occupation","Occupation","mcx-ucc","OCCUPATION","CHAR(2)","on-modify","lookup against R","Required; commodity-segment client risk profiling input","MCX/TECH/394/2023"
"F","Financial Profile","F-occupation","Occupation","nse-ucc","OCCUPATION","CHAR(2)","on-modify","lookup against R","Occupation code table (01-11, 99); flows to UCC profile","NSE/ISC/61817"
"F","Financial Profile","F-occupation","Occupation Code","regulatory-reports","OccupationCode","CHAR(2)","daily","lookup against R","appears in CFR client-profile section and AML risk-bucket inputs","NSE/INSP/55039"
"F","Financial Profile","F-occupation_others","Occupation Others","ckyc","OCCUPATION_OTHERS","VARCHAR(50)","one-time","formatted","CKYC free-text","CKYC/2020/04"
"F","Financial Profile","F-occupation_others","Occupation Others","kra","OCCUPATION_OTHERS","VARCHAR(50)","on-modify","formatted","Conditional if F01=99","[industry typical]"
"F","Financial Profile","F-source_of_wealth","Source of Wealth","aml-fiu","SOURCE_OF_WEALTH","VARCHAR(100)","on-event","[direct]","free-text; STR narrative quotes verbatim when funds source is inconsistent","SEBI/HO/MIRSD/SECFATF/P/CIR/2024/78"
"F","Financial Profile","F-source_of_wealth","Source of Wealth","back-office","source_of_wealth","VARCHAR(100)","on-modify","[direct]","Salary/Business/Inheritance; AML enhanced due-diligence input","SEBI/HO/MIRSD/SECFATF/P/CIR/2024/78"
"F","Financial Profile","F-source_of_wealth","Source of Wealth","ckyc","SOURCE_OF_WEALTH","VARCHAR(100)","one-time","formatted","CKYC optional but recommended per PMLA","CKYC/2025/16"
"F","Financial Profile","F-source_of_wealth","Source of Wealth","kra","SRC_OF_WEALTH","VARCHAR(100)","on-modify","formatted","Optional in KRA; required for high-net-worth EDD","SEBI/HO/MIRSD/SECFATF/P/CIR/2024/78"
"G","Bank Account Details","G-account_holder_name","Account Holder Name","back-office","acct_holder_nm","VARCHAR(100)","on-modify","[direct]","must match PAN above name-match threshold; mis-match blocks first payout","[industry typical]"
"G","Bank Account Details","G-account_holder_name","Bank Account Holder Name","cdsl-bo","BANK_HOLDER_NAME","CHAR(100)","on-modify","uppercase","Right-padded; must match first-holder name; mismatch flagged for compliance review","CDSL/OPS/DP/SYSTM/2023/119"
"G","Bank Account Details","G-account_holder_name","Account Holder Name","ckyc","ACCOUNT_HOLDER_NAME","VARCHAR(100)","one-time","formatted","CKYC ensures consistency with applicant name","CKYC/2025/16"
"G","Bank Account Details","G-account_holder_name","Account Holder Name","kra","BANK_ACCT_HOLDER","VARCHAR(100)","on-modify","formatted","Must match PAN name; verified via penny drop","SEBI/HO/MIRSD/SECFATF/P/CIR/2024/41"
"G","Bank Account Details","G-account_holder_name","Bank Account Holder Name","nsdl-bo","BkAcctHldrNm","VARCHAR(100) UDiFF","on-modify","uppercase","ISO-tagged element; penny-drop verified at broker; CAS uses this for fund settlement","NSDL/POLICY/2024/0041"
"G","Bank Account Details","G-account_number","Bank Account Number","aml-fiu","BANK_ACCOUNT_NO","VARCHAR(18)","on-event","[direct]","full account number in STR/CBWTR/CTR (FIU is law-enforcement; masking not applied)","FIU-IND-REPORTING-FORMAT-V114"
"G","Bank Account Details","G-account_number","Bank Account Number","back-office","bank_acct_no","VARCHAR(18)","on-modify","[direct]","primary payout destination; T+1 funds-payout target","SEBI/HO/MIRSD/POD-1/P/CIR/2025/94"
"G","Bank Account Details","G-account_number","Bank Account Number","back-office","form_c_bank_book_entry","VARCHAR(50)","on-event","[direct]","Form C bank book entry per client transaction; SEBI Stock Brokers Regs","NSE/INSP/57394"
"G","Bank Account Details","G-account_number","Bank Account Number","back-office","suspe1234n_route_flag","CHAR(1)","on-event","derived from Y","unidentified credit routed to SUSPE1234N UCC on member PAN","NSE/INSP/64053"
"G","Bank Account Details","G-account_number","Bank Account Number","back-office","bank_reconciliation_status","VARCHAR(2)","daily","[direct]","BA1/BA2/BA3 daily reconciliation status; T+1 holding+balance API","NSE/INSP/55039"
"G","Bank Account Details","G-account_number","Bank Account Number","bse-ucc","BANK_AC_NO","VARCHAR(18)","one-time","[direct]","Up to 5 bank accounts per client (one primary); excludes NRE; name/PAN match against bank mandatory for UPI-block validation","BSE/20231018-39"
"G","Bank Account Details","G-account_number","Bank Account Number","cdsl-bo","BANK_ACCT_NO","CHAR(18)","on-modify","[direct]","Line 05 mandatory; alphanumeric; right-padded with spaces; used by issuer/RTA for direct credit per DP2026-316","CDSL/OPS/DP/POLCY/2026/316"
"G","Bank Account Details","G-account_number","Bank Account Number","ckyc","BANK_ACCOUNT_NUMBER","VARCHAR(18)","one-time","[direct]","CKYC stores in plain (encrypted in DB); per data hygiene","CKYC/2025/16"
"G","Bank Account Details","G-account_number","Primary Bank Account Number","contract-notes","none","none","on-trade","[direct]","appears on running-account settlement statement, not on per-trade ECN body","[industry typical]"
"G","Bank Account Details","G-account_number","Bank Account Number","dlt-comms","ACCOUNT_LAST4","VARCHAR(4)","on-event","truncate to N","SMS shows only last 4 digits (e.g. ""A/c XX1234""); RBI masking guideline; full number never sent","[industry typical]"
"G","Bank Account Details","G-account_number","Bank Account Number","kra","BANK_ACCT_NO","VARCHAR(18)","on-modify","[direct]","Alphanumeric; KRA stores masked except last 4","[industry typical]"
"G","Bank Account Details","G-account_number","Bank Account Number","mcx-ucc","BANK_AC_NO","VARCHAR(18)","one-time","[direct]","Primary settlement bank account; required for fund settlement","MCX/TECH/394/2023"
"G","Bank Account Details","G-account_number","Bank Account Number","nsdl-bo","AcctNb","VARCHAR(18) UDiFF","on-modify","[direct]","ISO 20022 AcctNb element; mandatory; SPICE settlement linkage","NSDL/POLICY/2024/0131"
"G","Bank Account Details","G-account_number","Bank Account Number","nse-ucc","BANK_AC_NO","VARCHAR(18)","one-time","[direct]","Primary bank account; flows to UCC for direct-payout regime per NSE/INSP/64509 (UCC-demat mapping)","NSE/INSP/64509"
"G","Bank Account Details","G-account_number","Primary Bank Account Number","regulatory-reports","BankAccountNo","VARCHAR(18)","daily","[direct]","appears in bank-balance API submission and CFR holding-statement; T+1 daily push","NSE/INSP/55039"
"G","Bank Account Details","G-account_number","Bank Account Number (Primary)","rms","client_bank_no","VARCHAR(18)","on-modify","[direct]","primary bank for collected-margin reconciliation; UPI-Block destination","SEBI/HO/MIRSD/POD-1/P/CIR/2024/118"
"G","Bank Account Details","G-account_number","Bank Account Number","rms","margin_available","NUMBER(15,2)","on-trade","derived from Y","available margin = collected - utilized; recomputed each order","SEBI/HO/MRD2/DCAP/CIR/P/2020/127"
"G","Bank Account Details","G-account_number","Bank Account Number","rms","margin_collected_cash","NUMBER(15,2)","daily","derived from Y","cash margin collected from client funds bank; BOD reload value","SEBI/HO/MIRSD/MIRSD-PoD-1/P/CIR/2023/71"
"G","Bank Account Details","G-account_number","Bank Account Number","rms","cfr_funds_collected","NUMBER(15,2)","daily","derived from Y","client funds collected; T+1 holding+balance API submission (replaces weekly)","NSE/INSP/55039"
"G","Bank Account Details","G-account_number","Bank Account Number","rms","cfr_funds_deployed","NUMBER(15,2)","daily","derived from Y","client funds deployed against margin","NSE/INSP/55039"
"G","Bank Account Details","G-account_number","Bank Account Number","rms","cfr_funds_free","NUMBER(15,2)","daily","derived from Y","client funds free; CFR weekly aggregate uses daily values","NSE/INSP/55039"
"G","Bank Account Details","G-account_number","Bank Account Number","rms","upi_block_amount","NUMBER(15,2)","on-trade","derived from Y","ASBA-like UPI Block amount in client bank (not pool); QSB mandatory Feb 2025","SEBI/HO/MIRSD/POD-1/P/CIR/2024/118"
"G","Bank Account Details","G-account_number","Bank Account Number","rms","upi_block_utilised","NUMBER(15,2)","on-trade","derived from Y","executed amount debited from block; residual auto-releases","SEBI/HO/MIRSD/POD-1/P/CIR/2024/118"
"G","Bank Account Details","G-account_type","Account Type","aml-fiu","ACCOUNT_TYPE","CHAR(2)","on-event","[direct]","SB/CA/NRE/NRO; NRE/NRO accounts elevate scrutiny under PIS framework","SEBI/HO/MIRSD/SECFATF/P/CIR/2024/78"
"G","Bank Account Details","G-account_type","Bank Account Type","back-office","bank_acct_type","VARCHAR(2)","on-modify","[direct]","SB/CA/NRE/NRO; NRE/NRO triggers NRI-route fund flag","[industry typical]"
"G","Bank Account Details","G-account_type","Bank Account Type","bse-ucc","BANK_AC_TYPE","CHAR(2)","one-time","[direct]","NRE accounts excluded from UPI-block facility per BSE batch UCC spec","BSE/20231018-39"
"G","Bank Account Details","G-account_type","Bank Account Type","cdsl-bo","BANK_ACCT_TYPE","CHAR(2)","on-modify","lookup against R","Code SB/CA/NRE/NRO; line 05; NRE/NRO triggers NRI sub-status validation","CDSL/OPS/DP/SYSTM/2023/119"
"G","Bank Account Details","G-account_type","Bank Account Type","ckyc","BANK_ACCOUNT_TYPE","CHAR(2)","one-time","[direct]","CKYC code: SB/CA/NRE/NRO/OD","CKYC/2025/16"
"G","Bank Account Details","G-account_type","Bank Account Type","kra","BANK_ACCT_TYPE","CHAR(2)","on-modify","[direct]","SB/CA/NRE/NRO","[industry typical]"
"G","Bank Account Details","G-account_type","Bank Account Type","mcx-ucc","BANK_AC_TYPE","CHAR(2)","one-time","[direct]","SB/CA for settlement","MCX/TECH/394/2023"
"G","Bank Account Details","G-account_type","Bank Account Type","nsdl-bo","AcctTp","CHAR(2) UDiFF","on-modify","lookup against R","ISO 20022-style code element; NRE/NRO links to PIS account check","NSDL/POLICY/2025/0056"
"G","Bank Account Details","G-account_type","Bank Account Type","nse-ucc","BANK_AC_TYPE","CHAR(2)","one-time","[direct]","SB/CA/NRE/NRO; NRE accounts excluded from UPI-block facility","NSE/ISC/61817"
"G","Bank Account Details","G-bank_account_seq","Bank Account Sequence","back-office","bank_seq","NUMBER(1)","on-modify","[direct]","1-5; sequence number for multi-account clients","[industry typical]"
"G","Bank Account Details","G-bank_account_seq","Bank Account Sequence","cdsl-bo","BANK_SEQ","CHAR(1)","on-modify","[direct]","1-5 sequence number; primary marked separately","CDSL/OPS/DP/SYSTM/2023/119"
"G","Bank Account Details","G-bank_account_seq","Bank Account Sequence","nsdl-bo","BkAcctSeqNb","CHAR(1) UDiFF","on-modify","[direct]","Sequence element 1-5","NSDL/POLICY/2025/0056"
"G","Bank Account Details","G-bank_name","Bank Name","aml-fiu","BANK_NAME","VARCHAR(100)","on-event","[direct]","FINnet schema BankName element; required for CTR/CBWTR","FIU-IND-REPORTING-FORMAT-V114"
"G","Bank Account Details","G-bank_name","Bank Name","back-office","bank_name","VARCHAR(100)","on-modify","[direct]","appears on payout NEFT/RTGS narration","[industry typical]"
"G","Bank Account Details","G-bank_name","Bank Name (Payout)","cdsl-bo","BANK_NAME","CHAR(100)","on-modify","uppercase","Line 05 fixed-length; right-pad with spaces; used for dividend/interest/redemption payouts directly to BO","CDSL/OPS/DP/SYSTM/2023/119"
"G","Bank Account Details","G-bank_name","Bank Name","ckyc","BANK_NAME","VARCHAR(100)","one-time","formatted","CKYC captures primary bank for identification","CKYC/2020/04"
"G","Bank Account Details","G-bank_name","Bank Name","kra","BANK_NAME","VARCHAR(100)","on-modify","formatted","KRA primary bank only; multi-bank stored locally only","[industry typical]"
"G","Bank Account Details","G-bank_name","Bank Name (Payout)","nsdl-bo","BkNm","VARCHAR(100) UDiFF","on-modify","uppercase","ISO 20022 element; payout bank linked at BO level for corporate-action payouts","NSDL/POLICY/2024/0041"
"G","Bank Account Details","G-bank_proof_type","Cash Receipt Mode (CTR)","aml-fiu","CASH_RECEIPT_MODE","CHAR(2)","on-event","[direct]","CTR threshold Rs 10L aggregate calendar-month; broker rarely accepts cash but CTR template required if so","FIU-IND-CTR-BANKING-FORMAT"
"G","Bank Account Details","G-bank_proof_type","Bank Proof Type","back-office","bank_proof_type","VARCHAR(2)","one-time","[direct]","CC=Cancelled Cheque or BS=Bank Statement","[industry typical]"
"G","Bank Account Details","G-bank_proof_type","Bank Proof Type","cdsl-bo","BANK_PROOF_TYPE","CHAR(2)","one-time","lookup against R","Code CC=Cancelled Cheque, BS=Bank Statement; mandatory","CDSL/OPS/DP/SYSTM/2023/119"
"G","Bank Account Details","G-bank_proof_type","Bank Proof Type","nsdl-bo","BkPrfTp","CHAR(2) UDiFF","one-time","lookup against R","Mandatory element in BO Upload","NSDL/POLICY/2025/0056"
"G","Bank Account Details","G-branch_name","Branch Name","back-office","branch_name","VARCHAR(100)","on-modify","[direct]","retained for audit; not on payout narration","[industry typical]"
"G","Bank Account Details","G-branch_name","Bank Branch Name","cdsl-bo","BRANCH_NAME","CHAR(100)","on-modify","uppercase","Line 05; right-padded","CDSL/OPS/DP/SYSTM/2023/119"
"G","Bank Account Details","G-branch_name","Branch Name","ckyc","BANK_BRANCH","VARCHAR(100)","one-time","formatted","CKYC field captures branch with primary bank","[industry typical]"
"G","Bank Account Details","G-branch_name","Branch Name","kra","BANK_BRANCH","VARCHAR(100)","on-modify","formatted","Optional","[industry typical]"
"G","Bank Account Details","G-branch_name","Bank Branch Name","nsdl-bo","BrnchNm","VARCHAR(100) UDiFF","on-modify","uppercase","ISO-tagged element","NSDL/POLICY/2024/0041"
"G","Bank Account Details","G-ifsc_code","IFSC Code","aml-fiu","IFSC","CHAR(11)","on-event","[direct]","routing identifier; CBWTR uses IFSC for IN-leg; foreign leg uses SWIFT","FIU-IND-CBWT-FAQ"
"G","Bank Account Details","G-ifsc_code","IFSC Code","back-office","ifsc","CHAR(11)","on-modify","uppercase","validated regex; needed for NEFT/RTGS routing","[industry typical]"
"G","Bank Account Details","G-ifsc_code","IFSC Code","bse-ucc","IFSC","CHAR(11)","one-time","uppercase","Mandatory per revised UCC batch","BSE/20231018-39"
"G","Bank Account Details","G-ifsc_code","IFSC Code","cdsl-bo","IFSC_CODE","CHAR(11)","on-modify","uppercase","Pattern [A-Z]{4}0[A-Z0-9]{6}; mandatory line 05; rejection on invalid IFSC","CDSL/OPS/DP/SYSTM/2023/119"
"G","Bank Account Details","G-ifsc_code","IFSC Code","ckyc","IFSC_CODE","CHAR(11)","one-time","uppercase","CKYC validates against RBI IFSC master","CKYC/2025/16"
"G","Bank Account Details","G-ifsc_code","IFSC Code","kra","IFSC","CHAR(11)","on-modify","uppercase","Format \[A-Z\]{4}0\[A-Z0-9\]{6}","[industry typical]"
"G","Bank Account Details","G-ifsc_code","IFSC Code","mcx-ucc","IFSC","CHAR(11)","one-time","uppercase","Mandatory","MCX/TECH/394/2023"
"G","Bank Account Details","G-ifsc_code","IFSC Code","nsdl-bo","IFSC","CHAR(11) UDiFF","on-modify","uppercase","ISO-tagged element; validated against RBI IFSC master","NSDL/POLICY/2024/0041"
"G","Bank Account Details","G-ifsc_code","IFSC Code","nse-ucc","IFSC","CHAR(11)","one-time","uppercase","11-char IFSC; mandatory for primary bank in UCC","NSE/ISC/61817"
"G","Bank Account Details","G-ifsc_code","Bank IFSC Code","regulatory-reports","IFSC","CHAR(11)","daily","uppercase","component of bank-balance API row; format [A-Z]{4}0[A-Z0-9]{6}","NSE/INSP/55039"
"G","Bank Account Details","G-is_primary","Is Primary Bank Account","back-office","is_primary_flg","CHAR(1)","on-modify","[direct]","exactly one primary; primary drives default payout and 30-day refund","SEBI/HO/MIRSD/MIRSD-PoD/P/CIR/2025/04"
"G","Bank Account Details","G-is_primary","Primary Bank Account Flag","bse-ucc","BANK_PRIMARY_FLAG","CHAR(1)","one-time","[direct]","Designation of one primary mandatory in revised UCC","BSE/20231018-39"
"G","Bank Account Details","G-is_primary","Primary Bank Flag","cdsl-bo","PRIMARY_BANK_FLAG","CHAR(1)","on-modify","[direct]","Y/N; exactly one Y per BO; line 05; payouts default to primary","CDSL/OPS/DP/SYSTM/2023/119"
"G","Bank Account Details","G-is_primary","Primary Bank Account Flag","mcx-ucc","BANK_PRIMARY_FLAG","CHAR(1)","one-time","[direct]","Primary settlement bank","MCX/TECH/394/2023"
"G","Bank Account Details","G-is_primary","Primary Bank Flag","nsdl-bo","PrmryBkFlg","CHAR(1) UDiFF","on-modify","[direct]","Exactly-one-Y constraint; SPICE settlement uses primary bank","NSDL/POLICY/2024/0131"
"G","Bank Account Details","G-is_primary","Primary Bank Account Flag","nse-ucc","BANK_PRIMARY_FLAG","CHAR(1)","one-time","[direct]","Exactly one Y across up to 5 accounts","NSE/ISC/61817"
"G","Bank Account Details","G-is_primary","Is Primary Flag","rms","primary_bank_flg","CHAR(1)","on-modify","[direct]","only primary considered for fund-balance calculation","[industry typical]"
"G","Bank Account Details","G-micr_code","MICR Code","back-office","micr","CHAR(9)","on-modify","[direct]","legacy; some BOs still print on cheque-leaflet","[industry typical]"
"G","Bank Account Details","G-micr_code","MICR Code","cdsl-bo","MICR_CODE","CHAR(9)","on-modify","[direct]","9-digit numeric; optional line 05; left-padded with zeros","CDSL/OPS/DP/SYSTM/2023/119"
"G","Bank Account Details","G-micr_code","MICR Code","ckyc","MICR_CODE","VARCHAR(9)","one-time","[direct]","CKYC optional","CKYC/2020/04"
"G","Bank Account Details","G-micr_code","MICR Code","kra","MICR","VARCHAR(9)","on-modify","[direct]","9 digits; optional","[industry typical]"
"G","Bank Account Details","G-micr_code","MICR Code","nsdl-bo","MICR","CHAR(9) UDiFF","on-modify","[direct]","Optional 9-digit element","NSDL/POLICY/2024/0041"
"G","Bank Account Details","G-penny_drop_date","Penny Drop Date","back-office","pd_date","DATE YYYYMMDD","on-modify","formatted","audit retention 8 yrs","[industry typical]"
"G","Bank Account Details","G-penny_drop_name_match_score","Penny Drop Name Match Score","back-office","pd_match_score","NUMBER(3)","on-modify","[direct]","0-100; below threshold triggers manual review","[industry typical]"
"G","Bank Account Details","G-penny_drop_name_returned","Penny Drop Name Returned","back-office","pd_name_returned","VARCHAR(100)","on-modify","[direct]","preserved for AML re-screen workflow","[industry typical]"
"G","Bank Account Details","G-penny_drop_ref","Bank Reference (CCR/CTR)","aml-fiu","CCR_TRANSACTION_REF","VARCHAR(30)","on-event","[direct]","where broker receives counterfeit cash at branch; CCR filed regardless of amount per PMLR Rule 3(1)(B)","FIU-IND-PMLR-AMEND-2023-03-07"
"G","Bank Account Details","G-penny_drop_ref","Penny Drop UTR","back-office","pd_utr","VARCHAR(30)","on-modify","[direct]","audit-trail UTR for first-payout dispute resolution","[industry typical]"
"G","Bank Account Details","G-penny_drop_status","Penny Drop Status","back-office","pd_status","VARCHAR(2)","on-modify","[direct]","S/F/P; only S allows payout activation","[industry typical]"
"H","Demat Account Details","H-account_status","Demat Account Status","back-office","demat_acct_status","VARCHAR(2)","on-modify","[direct]","AC/FR/CL; FR blocks new buys at OMS via RMS rule","[industry typical]"
"H","Demat Account Details","H-account_status","BO Account Status","cdsl-bo","ACCT_STATUS","CHAR(2)","on-event","lookup against R","Code AC=Active, FR=Frozen, CL=Closed, SU=Suspended; auto-updated on KRA validation failure (CDSL/OPS/DP/POLCY/2026/234)","CDSL/OPS/DP/POLCY/2026/234"
"H","Demat Account Details","H-account_status","BO Account Status","nsdl-bo","AcctSts","CHAR(2) UDiFF","on-event","lookup against R","Status code element; updated via Client Maintenance API","NSDL/POLICY/2024/0012"
"H","Demat Account Details","H-account_status","Demat Status","rms","demat_status_flag","VARCHAR(2)","on-modify","[direct]","FR/CL blocks all new buy orders in pre-trade pipeline","[industry typical]"
"H","Demat Account Details","H-account_type","Demat Account Type","back-office","demat_acct_type","VARCHAR(2)","on-modify","[direct]","IN/JO/MN; JO triggers joint-holder ledger logic","[industry typical]"
"H","Demat Account Details","H-account_type","BO Account Type","cdsl-bo","ACCT_TYPE","CHAR(2)","one-time","lookup against R","Code IN=Individual, JO=Joint, MN=Minor, HU=HUF; line 06","CDSL/OPS/DP/POLCY/2022/115"
"H","Demat Account Details","H-account_type","BO Account Type","nsdl-bo","BOAcctTp","CHAR(2) UDiFF","one-time","lookup against R","ISO-tagged element; sub-type classifications added in 2022 (NSDL/POLICY/2022/126)","NSDL/POLICY/2025/0056"
"H","Demat Account Details","H-bo_id","BO ID","aml-fiu","DEMAT_ACCOUNT_ID","CHAR(16)","on-event","[direct]","depository STR mandatory for off-market transfer suspicions; CDSL 16-digit / NSDL IN+14","FIU-IND-REPORTING-FORMAT-V114"
"H","Demat Account Details","H-bo_id","BO ID","back-office","bo_id","VARCHAR(16)","one-time","concat with X","concat of DP ID + Client ID; key for holding-statement dispatch and direct-payout","SEBI/HO/MIRSD/MIRSD-PoD1/P/CIR/2024/75"
"H","Demat Account Details","H-bo_id","BO ID","back-office","direct_payout_demat_target","VARCHAR(16)","on-trade","[direct]","BO ID becomes direct-payout destination per SEBI Nov 2024 mandate","SEBI/HO/MIRSD/MIRSD-PoD1/P/CIR/2024/75"
"H","Demat Account Details","H-bo_id","BO ID (Demat)","bse-ucc","BO_ID","VARCHAR(16)","one-time","derived from Y","Demat freeze rule applies if KRA flags KYC invalid (BSE 20241202-5)","BSE/20241202-5"
"H","Demat Account Details","H-bo_id","BO ID","cdsl-bo","BO_ID","CHAR(16)","one-time","concat with X","Concatenation DP_ID (8 digit) + CLIENT_ID (8 digit) = 16-digit numeric; line 06; primary key","CDSL/OPS/DP/SYSTM/2023/119"
"H","Demat Account Details","H-bo_id","Beneficiary Owner ID","contract-notes","ClientBOID","VARCHAR(16)","on-trade","[direct]","CDSL: 16-digit numeric; NSDL: IN-prefixed 14-alphanumeric; printed on ECN for delivery trades","NSE/INSP/61999"
"H","Demat Account Details","H-bo_id","BO ID","dlt-comms","BO_ID_VAR","CHAR(16)","on-event","[direct]","printed in depository SMS (off-market transfer alert, pledge alert); CDSL/NSDL prescribed templates","[industry typical]"
"H","Demat Account Details","H-bo_id","BO ID (Demat)","mcx-ucc","_NA_","none","one-time","null-if-Z","Not applicable; MCX has no demat dependency for trading account","MCX/TECH/394/2023"
"H","Demat Account Details","H-bo_id","BO ID","nsdl-bo","BOID","CHAR(16) UDiFF","one-time","concat with X","Format IN + 14 alphanumeric (DP ID 8 chars + Client ID 8 chars including 'IN' prefix); primary key","NSDL/POLICY/2025/0056"
"H","Demat Account Details","H-bo_id","BO ID (Demat)","nse-ucc","BO_ID","VARCHAR(16)","one-time","derived from Y","Derived dp_id+client_id; required for UCC-demat validation by depositories","NSE/ISC/64984"
"H","Demat Account Details","H-bo_id","Beneficiary Owner ID","regulatory-reports","BOID","VARCHAR(16)","daily","[direct]","appears in direct-payout obligation file and pledge/MTF margin reports; CM-pool keying changed by NCL Aug-2025","NCL/CMPT/69455"
"H","Demat Account Details","H-bo_id","BO ID","rms","client_bo_id","VARCHAR(16)","one-time","[direct]","primary key for pledged-collateral lookup; CSMFA/CUSPA mapping","NCL/CMPT/63669"
"H","Demat Account Details","H-bo_status_code","BO Status Code","cdsl-bo","BO_STATUS_CODE","CHAR(2)","one-time","lookup against R","2-char primary status code (Resident, NRI, FN, etc.) different from sub-status; line 02","CDSL/OPS/DP/SYSTM/2023/119"
"H","Demat Account Details","H-bo_status_code","BO Status Code","nsdl-bo","BOStsCd","CHAR(2) UDiFF","one-time","lookup against R","Primary BO status code element","NSDL/POLICY/2025/0056"
"H","Demat Account Details","H-bsda_flag","BSDA Flag","back-office","bsda_flg","CHAR(1)","on-modify","[direct]","Basic Services Demat flag; reduces AMC charge in BO billing","[industry typical]"
"H","Demat Account Details","H-bsda_flag","BSDA Flag","cdsl-bo","BSDA_FLAG","CHAR(1)","one-time","[direct]","Y/N; line 06; default Y at opening per CDSL practice; opt-out by email consent","CDSL/OPS/DP/POLCY/2024/208"
"H","Demat Account Details","H-bsda_flag","BSDA Flag","nsdl-bo","BSDAFlg","CHAR(1) UDiFF","one-time","[direct]","Default Y; opt-out requires email-consent date capture per V2.0.0.0","NSDL/POLICY/2024/0122"
"H","Demat Account Details","H-bsda_optout_consent_date","BSDA Opt-Out Consent Date","cdsl-bo","BSDA_OPTOUT_DATE","CHAR(8)","one-time","formatted","YYYYMMDD if BSDA opt-out; required by V2.0.0.0; CDSL aligns to NSDL convention","CDSL/OPS/DP/POLCY/2024/208"
"H","Demat Account Details","H-bsda_optout_consent_date","BSDA Opt-Out Consent Date","nsdl-bo","BSDAOptOutCnsntDt","ISODate (YYYY-MM-DD)","one-time","formatted","Date of email consent for BSDA Opt-out; required per V2.0.0.0 (Apr 4, 2025)","NSDL/POLICY/2025/0042"
"H","Demat Account Details","H-client_id","Client ID","back-office","client_id_demat","VARCHAR(8)","one-time","[direct]","8-digit; concatenated with DP ID for BO ID","[industry typical]"
"H","Demat Account Details","H-client_id","Demat Client ID","bse-ucc","DEMAT_CLIENT_ID","CHAR(8)","one-time","[direct]","Mandatory in UCC batch upload (along with name/PAN match)","BSE/20231018-39"
"H","Demat Account Details","H-client_id","Client ID","cdsl-bo","CLIENT_ID","CHAR(8)","one-time","[direct]","8-digit numeric assigned by DP within their range; line 06 positional","CDSL/OPS/DP/SYSTM/2023/119"
"H","Demat Account Details","H-client_id","Demat Client ID","mcx-ucc","_NA_","none","one-time","null-if-Z","Not part of MCX UCC; commodity delivery uses Warehouse Receipts (eWHR)","MCX/TECH/394/2023"
"H","Demat Account Details","H-client_id","Client ID","nsdl-bo","ClntId","CHAR(8) UDiFF","one-time","[direct]","8-digit alphanumeric within NSDL DP range","NSDL/POLICY/2025/0056"
"H","Demat Account Details","H-client_id","Demat Client ID","nse-ucc","DEMAT_CLIENT_ID","CHAR(8)","one-time","[direct]","Part of UCC-demat mapping bundle","NSE/ISC/64984"
"H","Demat Account Details","H-cusps_account_flag","CUSPA Indicator","cdsl-bo","CUSPA_FLAG","CHAR(1)","one-time","[direct]","Y/N for Client Unpaid Securities Pledgee Account","CDSL/OPS/DP/SYSTM/2023/119"
"H","Demat Account Details","H-cusps_account_flag","CUSPA Indicator","nsdl-bo","CUSPAFlg","CHAR(1) UDiFF","one-time","[direct]","CUSPA flag element","NSDL/POLICY/2023/0113"
"H","Demat Account Details","H-depository","Depository","back-office","depository_cd","VARCHAR(4)","one-time","[direct]","CDSL/NSDL; drives direct-payout routing and CUSPA mapping","SEBI/HO/MIRSD/MIRSD-PoD1/P/CIR/2024/75"
"H","Demat Account Details","H-depository","Depository","back-office","cuspa_account_route_cd","VARCHAR(8)","on-trade","lookup against R","TM CUSPA / CM CUSPA mapping depending on depository and clearing arrangement","NCL/CMPT/63669"
"H","Demat Account Details","H-depository","Depository","cdsl-bo","DEPOSITORY","CHAR(4)","one-time","[direct]","Hardcoded 'CDSL' in line 06 header","CDSL/OPS/DP/SYSTM/2023/119"
"H","Demat Account Details","H-depository","Depository","nsdl-bo","DpstryNm","CHAR(4) UDiFF","one-time","[direct]","Hardcoded 'NSDL' element; UDiFF V2.0.0.0","NSDL/POLICY/2025/0042"
"H","Demat Account Details","H-depository","Depository","rms","depository_for_pledge","VARCHAR(4)","one-time","[direct]","drives margin-pledge file format (CDSL vs NSDL)","[industry typical]"
"H","Demat Account Details","H-dp_id","DP ID","back-office","dp_id","VARCHAR(8)","one-time","[direct]","CDSL 8-digit, NSDL IN+6; key for ledger demat-link","[industry typical]"
"H","Demat Account Details","H-dp_id","DP ID","bse-ucc","DP_ID","CHAR(8)","one-time","[direct]","Up to 5 demat accounts; required for direct-payout-to-demat regime","BSE/20250110-47"
"H","Demat Account Details","H-dp_id","DP ID","cdsl-bo","DP_ID","CHAR(8)","one-time","[direct]","8-digit numeric assigned by CDSL; first segment of BO ID; line 06","CDSL/OPS/DP/SYSTM/2023/119"
"H","Demat Account Details","H-dp_id","DP ID","dlt-comms","DP_ID_VAR","CHAR(8)","on-event","[direct]","printed in depository transactional templates to locate DP","[industry typical]"
"H","Demat Account Details","H-dp_id","DP ID","mcx-ucc","_NA_","none","one-time","null-if-Z","Demat not required for MCX (cash-settled / warehouse-receipts via ComRIS for delivery)","MCX/TECH/394/2023"
"H","Demat Account Details","H-dp_id","DP ID","nsdl-bo","DPID","CHAR(8) UDiFF","one-time","formatted","NSDL format 'IN' + 6 digits (e.g. IN300123); ISO-tagged","NSDL/POLICY/2025/0056"
"H","Demat Account Details","H-dp_id","DP ID","nse-ucc","DP_ID","CHAR(8)","one-time","[direct]","Required for UCC-demat mapping per direct-payout regime (NSE/ISC/64984)","NSE/ISC/64984"
"H","Demat Account Details","H-dp_id","Depository Participant ID","regulatory-reports","DPID","CHAR(8)","daily","[direct]","CDSL: 8 digits; NSDL: IN+6 digits; required for direct payout to client demat (Phase-2 from settlement 2425828)","NCL/CMPT/66779"
"H","Demat Account Details","H-dp_name","DP Name","back-office","dp_name","VARCHAR(100)","one-time","[direct]","appears on demat holding statement header","[industry typical]"
"H","Demat Account Details","H-holding_type","Holding Pattern","cdsl-bo","HOLDING_PATTERN","CHAR(2)","one-time","lookup against R","SI=Single, J2=Joint(2), J3=Joint(3); line 06; second/third holder triggers replication of line 01-02","CDSL/OPS/DP/SYSTM/2023/119"
"H","Demat Account Details","H-holding_type","Holding Pattern","nsdl-bo","HldgPttrn","CHAR(2) UDiFF","one-time","lookup against R","Holding pattern code; joint accounts use HldrInf repeating block","NSDL/POLICY/2025/0056"
"H","Demat Account Details","H-ifsc_branch","First Holder IFSC","cdsl-bo","FIRST_HOLDER_IFSC","CHAR(11)","on-modify","uppercase","Bank IFSC linked at BO level for payouts; same as G-ifsc_code","CDSL/OPS/DP/SYSTM/2023/119"
"H","Demat Account Details","H-ifsc_branch","First Holder IFSC","nsdl-bo","FrstHldrIFSC","CHAR(11) UDiFF","on-modify","uppercase","Linked IFSC element","NSDL/POLICY/2024/0041"
"H","Demat Account Details","H-income_range","Income Range","cdsl-bo","INCOME_RANGE","CHAR(2)","one-time","lookup against R","Income range code 01-06; mandatory per CDSL POLCY/2021/152","CDSL/OPS/DP/POLCY/2021/152"
"H","Demat Account Details","H-income_range","Income Range","nsdl-bo","GrssIncmRng","CHAR(2) UDiFF","one-time","lookup against R","Income range code element; mandatory","NSDL/POLICY/2025/0056"
"H","Demat Account Details","H-lei_number","Legal Entity Identifier","cdsl-bo","LEI_NUMBER","CHAR(20)","on-modify","uppercase","20-char LEI for non-individual; freeze reason 30 on expiry per CDSL/OPS/DP/POLCY/2024/51","CDSL/OPS/DP/POLCY/2024/51"
"H","Demat Account Details","H-lei_number","Legal Entity Identifier","nsdl-bo","LEI","CHAR(20) UDiFF","on-modify","uppercase","LEI element for non-individual entities; ISO 17442 format","NSDL/POLICY/2025/0056"
"H","Demat Account Details","H-occupation","Occupation","cdsl-bo","OCCUPATION_CODE","CHAR(2)","one-time","lookup against R","Occupation code 01-11/99; mandatory line 06; harmonized with KRA","CDSL/OPS/DP/POLCY/2021/152"
"H","Demat Account Details","H-occupation","Occupation","nsdl-bo","OccptnCd","CHAR(2) UDiFF","one-time","lookup against R","Occupation code element","NSDL/POLICY/2025/0056"
"H","Demat Account Details","H-opening_date","Demat Opening Date","back-office","demat_open_dt","DATE YYYYMMDD","one-time","formatted","needed for KYC audit trail","[industry typical]"
"H","Demat Account Details","H-opening_date","BO Account Opening Date","cdsl-bo","OPENING_DATE","CHAR(8)","one-time","formatted","YYYYMMDD format in line 06; right-aligned","CDSL/OPS/DP/SYSTM/2023/119"
"H","Demat Account Details","H-opening_date","BO Account Opening Date","nsdl-bo","OpngDt","ISODate (YYYY-MM-DD)","one-time","formatted","ISO 8601 date element","NSDL/POLICY/2024/0041"
"H","Demat Account Details","H-operation_mode","Operation Mode","cdsl-bo","OPERATION_MODE","CHAR(2)","one-time","lookup against R","Code ES=Either or Survivor, AS=Anyone or Survivor, JO=Jointly; mandatory for joint","CDSL/OPS/DP/SYSTM/2023/119"
"H","Demat Account Details","H-operation_mode","Operation Mode","nsdl-bo","OprtnMd","CHAR(2) UDiFF","one-time","lookup against R","Operation mode element","NSDL/POLICY/2025/0056"
"H","Demat Account Details","H-pms_manager_flag","PMS Manager Indicator","cdsl-bo","PMS_MGR_FLAG","CHAR(1)","one-time","[direct]","Purpose code 23 in BO setup if PMS sub-type per CDSL/OPS/DP/SYSTM/2023/280","CDSL/OPS/DP/SYSTM/2023/280"
"H","Demat Account Details","H-pms_manager_flag","PMS Manager Indicator","nsdl-bo","PMSMgrFlg","CHAR(1) UDiFF","one-time","[direct]","PMS manager element in sub-type block","NSDL/POLICY/2025/0056"
"H","Demat Account Details","H-purpose_code","BO Purpose Code","cdsl-bo","BO_PURPOSE_CODE","CHAR(2)","one-time","lookup against R","CDSL purpose code; 23 for PMS, others per CDSL/OPS/DP/SYSTM/2023/280","CDSL/OPS/DP/SYSTM/2023/280"
"H","Demat Account Details","H-purpose_code","BO Purpose Code","nsdl-bo","BOPrpCd","CHAR(2) UDiFF","one-time","lookup against R","Purpose code element","NSDL/POLICY/2025/0056"
"H","Demat Account Details","H-ucc_code","UCC Mapping","cdsl-bo","UCC_CODE","CHAR(10)","on-modify","[direct]","UCC mapped at BO level per CDSL/OPS/DP/POLCY/2020/141; line 06","CDSL/OPS/DP/POLCY/2020/141"
"H","Demat Account Details","H-ucc_code","UCC Mapping","nsdl-bo","UCCMpng","VARCHAR(10) UDiFF","on-modify","[direct]","Exchange-provided UCC mapped via Client Maintenance API","NSDL/POLICY/2024/0012"
"I","Nomination Details","I-guardian_address","Guardian Address","cdsl-bo","GUARDIAN_ADDRESS","CHAR(255)","on-modify","truncate to N","Mandatory if minor nominee; right-padded","CDSL/OPS/DP/POLCY/2025/289"
"I","Nomination Details","I-guardian_address","Guardian Address","nsdl-bo","GdnAdr","VARCHAR(255) UDiFF","on-modify","truncate to N","ISO 20022 address structure","NSDL/POLICY/2025/0030"
"I","Nomination Details","I-guardian_name","Guardian Name","back-office","guardian_nm","VARCHAR(100)","on-modify","[direct]","conditional on minor nominee; transmission custodian","[industry typical]"
"I","Nomination Details","I-guardian_name","Guardian Name (Minor Nominee)","cdsl-bo","GUARDIAN_NAME","CHAR(100)","on-modify","uppercase","Conditional in line 07; mandatory if nominee_is_minor=Y","CDSL/OPS/DP/POLCY/2025/289"
"I","Nomination Details","I-guardian_name","Guardian Name (Minor Nominee)","nsdl-bo","GdnNm","VARCHAR(100) UDiFF","on-modify","uppercase","Conditional ISO-tagged element","NSDL/POLICY/2025/0030"
"I","Nomination Details","I-guardian_pan","Guardian PAN","back-office","guardian_pan","CHAR(10)","on-modify","uppercase","conditional; mandatory KYC of guardian","[industry typical]"
"I","Nomination Details","I-guardian_pan","Guardian PAN","cdsl-bo","GUARDIAN_PAN","CHAR(10)","on-modify","uppercase","Conditional on nominee_is_minor=Y","CDSL/OPS/DP/POLCY/2025/289"
"I","Nomination Details","I-guardian_pan","Guardian PAN","nsdl-bo","GdnPANNb","CHAR(10) UDiFF","on-modify","uppercase","Conditional element","NSDL/POLICY/2025/0030"
"I","Nomination Details","I-guardian_relationship","Guardian Relationship","cdsl-bo","GUARDIAN_RELATION","CHAR(2)","on-modify","lookup against R","Relationship code FA/MO/CG; conditional on nominee_is_minor=Y","CDSL/OPS/DP/POLCY/2025/289"
"I","Nomination Details","I-guardian_relationship","Guardian Relationship","nsdl-bo","GdnRltnshp","CHAR(2) UDiFF","on-modify","lookup against R","Conditional element","NSDL/POLICY/2025/0030"
"I","Nomination Details","I-nomination_opted","Nomination Opted","back-office","nom_opted_flg","CHAR(1)","on-modify","[direct]","Y/N; N requires video opt-out per Jan 2025 revamp","SEBI circular Jan 10, 2025"
"I","Nomination Details","I-nomination_opted","Nomination Opted","cdsl-bo","NOMINATION_OPTED","CHAR(1)","one-time","[direct]","Y/N; line 07 mandatory; per SEBI Jun 10, 2024 simplification 3 fields minimum at opt-in","CDSL/OPS/DP/POLCY/2024/317"
"I","Nomination Details","I-nomination_opted","Nomination Opted","nsdl-bo","NomFlg","CHAR(1) UDiFF","one-time","[direct]","Y/N element; ISO-tagged; can be changed any number of times per SEBI Jan 10, 2025","NSDL/POLICY/2025/0006"
"I","Nomination Details","I-nominee_aadhaar","Nominee Aadhaar (Last 4)","cdsl-bo","NOMINEE_AADHAAR_L4","CHAR(4)","on-modify","formatted","Last 4 digits only; first 8 must be 'X' if full Aadhaar captured per CDSL/OPS/DP/SYSTM/2024/628","CDSL/OPS/DP/SYSTM/2024/628"
"I","Nomination Details","I-nominee_aadhaar","Nominee Aadhaar (Last 4)","nsdl-bo","NomAdhaarL4","CHAR(4) UDiFF","on-modify","formatted","Last 4 digits only; masked per DPDP","NSDL/POLICY/2025/0030"
"I","Nomination Details","I-nominee_address","Nominee Address","back-office","nom_addr","VARCHAR(255)","on-modify","[direct]","transmission documents lookup","[industry typical]"
"I","Nomination Details","I-nominee_address","Nominee Address","cdsl-bo","NOMINEE_ADDRESS","CHAR(255)","on-modify","truncate to N","Mandatory at opening per SEBI revamp; line 07 nominee block; truncated to 255","CDSL/OPS/DP/POLCY/2025/289"
"I","Nomination Details","I-nominee_address","Nominee Address","nsdl-bo","NomAdr","VARCHAR(255) UDiFF","on-modify","truncate to N","ISO 20022 address structure; address/state made optional from V2.0.0.0 (Apr 4, 2025)","NSDL/POLICY/2025/0042"
"I","Nomination Details","I-nominee_city","Nominee City","back-office","nom_city","VARCHAR(50)","on-modify","[direct]","intimation routing on holder death event","[industry typical]"
"I","Nomination Details","I-nominee_city","Nominee City","cdsl-bo","NOMINEE_CITY","CHAR(35)","on-modify","truncate to N","Right-pad with spaces","CDSL/OPS/DP/POLCY/2025/289"
"I","Nomination Details","I-nominee_city","Nominee City","nsdl-bo","NomTwnNm","VARCHAR(50) UDiFF","on-modify","truncate to N","Conditional after V2.0.0.0","NSDL/POLICY/2025/0042"
"I","Nomination Details","I-nominee_dob","Nominee DOB","back-office","nom_dob","DATE YYYYMMDD","on-modify","formatted","derives nominee_is_minor flag for guardian workflow","[industry typical]"
"I","Nomination Details","I-nominee_dob","Nominee Date of Birth","cdsl-bo","NOMINEE_DOB","CHAR(8)","on-modify","formatted","YYYYMMDD format; mandatory; used to derive minor flag","CDSL/OPS/DP/SYSTM/2024/628"
"I","Nomination Details","I-nominee_dob","Nominee Date of Birth","nsdl-bo","NomBirthDt","ISODate (YYYY-MM-DD)","on-modify","formatted","ISO 8601 date; mandatory per Oct 21, 2024 nominee mandatory fields","NSDL/POLICY/2025/0030"
"I","Nomination Details","I-nominee_email","Nominee Email","cdsl-bo","NOMINEE_EMAIL","CHAR(100)","on-modify","lowercase","Mandatory per CDSL/OPS/DP/POLCY/2025/289 (was optional pre-revamp)","CDSL/OPS/DP/POLCY/2025/289"
"I","Nomination Details","I-nominee_email","Nominee Email","nsdl-bo","NomEmailAdr","VARCHAR(100) UDiFF","on-modify","lowercase","Email element","NSDL/POLICY/2025/0030"
"I","Nomination Details","I-nominee_is_minor","Nominee Is Minor","back-office","nom_is_minor","CHAR(1)","on-modify","derived from Y","derived from nominee_dob; triggers guardian-section requirement","[industry typical]"
"I","Nomination Details","I-nominee_is_minor","Nominee is Minor","cdsl-bo","NOMINEE_MINOR_FLG","CHAR(1)","on-modify","derived from Y","Derived from nominee_dob; Y if age < 18; triggers guardian block in line 07","CDSL/OPS/DP/POLCY/2025/289"
"I","Nomination Details","I-nominee_is_minor","Nominee is Minor","nsdl-bo","NomMnrFlg","CHAR(1) UDiFF","on-modify","derived from Y","Derived element; triggers Gdn block in XML","NSDL/POLICY/2025/0030"
"I","Nomination Details","I-nominee_mobile","Nominee Mobile","back-office","nom_mobile","VARCHAR(15)","on-modify","[direct]","transmission intimation route","[industry typical]"
"I","Nomination Details","I-nominee_mobile","Nominee Mobile","cdsl-bo","NOMINEE_MOBILE","CHAR(15)","on-modify","[direct]","Mandatory per CDSL/OPS/DP/POLCY/2025/289; 10-digit India","CDSL/OPS/DP/POLCY/2025/289"
"I","Nomination Details","I-nominee_mobile","Nominee Mobile","nsdl-bo","NomMblNb","VARCHAR(15) UDiFF","on-modify","[direct]","ISO 20022 PhneNb pattern","NSDL/POLICY/2025/0030"
"I","Nomination Details","I-nominee_name","Nominee Name","back-office","nom_name","VARCHAR(100)","on-modify","[direct]","per-nominee row; transmission lookup key","[industry typical]"
"I","Nomination Details","I-nominee_name","Nominee Name","cdsl-bo","NOMINEE_NAME","CHAR(100)","on-modify","uppercase","Repeats per nominee in line 07 block; mandatory; right-padded; per CDSL/OPS/DP/POLCY/2025/289","CDSL/OPS/DP/POLCY/2025/289"
"I","Nomination Details","I-nominee_name","Nominee Name","nsdl-bo","NomNm","VARCHAR(100) UDiFF","on-modify","uppercase","ISO-tagged repeating element; mandatory","NSDL/POLICY/2025/0030"
"I","Nomination Details","I-nominee_pan","Nominee PAN","back-office","nom_pan","CHAR(10)","on-modify","uppercase","conditional; one unique ID per nominee mandatory","[industry typical]"
"I","Nomination Details","I-nominee_pan","Nominee PAN","cdsl-bo","NOMINEE_PAN","CHAR(10)","on-modify","uppercase","One of PAN/last-4-Aadhaar/DL/Passport mandatory per SEBI Jun 10, 2024 simplification; right-padded","CDSL/OPS/DP/POLCY/2024/317"
"I","Nomination Details","I-nominee_pan","Nominee PAN","nsdl-bo","NomPANNb","CHAR(10) UDiFF","on-modify","uppercase","At least one identifier (PAN/Aadhaar-last4/DL/Passport) mandatory","NSDL/POLICY/2025/0030"
"I","Nomination Details","I-nominee_passport","Nominee Passport","cdsl-bo","NOMINEE_PASSPORT","CHAR(8)","on-modify","uppercase","Passport for NRI nominee; one of the unique IDs per SEBI Jun 2024 simplification","CDSL/OPS/DP/POLCY/2024/317"
"I","Nomination Details","I-nominee_passport","Nominee Passport","nsdl-bo","NomPsprtNb","CHAR(8) UDiFF","on-modify","uppercase","Passport identifier element","NSDL/POLICY/2025/0030"
"I","Nomination Details","I-nominee_percentage","Nominee Percentage","back-office","nom_pct","NUMBER(5,2)","on-modify","[direct]","must sum to 100 across nominees; validated at BO ingestion","SEBI circular Jan 10, 2025"
"I","Nomination Details","I-nominee_percentage","Nominee Percentage","cdsl-bo","NOMINEE_PCT","CHAR(6)","on-modify","formatted","Format 999.99 zero-padded; sum across nominees must equal 100.00; rejection if mismatch","CDSL/OPS/DP/POLCY/2025/32"
"I","Nomination Details","I-nominee_percentage","Nominee Percentage","nsdl-bo","NomShrPctg","Decimal(5,2) UDiFF","on-modify","formatted","Percentage element; sum=100 validated; if not specified, distributed equally per SEBI Jan 2025","NSDL/POLICY/2025/0006"
"I","Nomination Details","I-nominee_pincode","Nominee Pincode","back-office","nom_pin","CHAR(6)","on-modify","[direct]","physical dispatch on transmission","[industry typical]"
"I","Nomination Details","I-nominee_pincode","Nominee Pincode","cdsl-bo","NOMINEE_PIN","CHAR(6)","on-modify","[direct]","6-digit numeric","CDSL/OPS/DP/POLCY/2025/289"
"I","Nomination Details","I-nominee_pincode","Nominee Pincode","nsdl-bo","NomPstCd","CHAR(6) UDiFF","on-modify","[direct]","6-digit numeric element","NSDL/POLICY/2024/0041"
"I","Nomination Details","I-nominee_relationship","Nominee Relationship","back-office","nom_rel_cd","VARCHAR(2)","on-modify","lookup against R","FA/MO/SP/SO/DA etc per code table","[industry typical]"
"I","Nomination Details","I-nominee_relationship","Nominee Relationship","cdsl-bo","NOMINEE_RELATION","CHAR(2)","on-modify","lookup against R","Relationship code FA/MO/SP/SO/DA/BR/SI/GF/GM/OT; mandatory","CDSL/OPS/DP/POLCY/2025/32"
"I","Nomination Details","I-nominee_relationship","Nominee Relationship","nsdl-bo","NomRltnshp","CHAR(2) UDiFF","on-modify","lookup against R","Relationship code element; mandatory","NSDL/POLICY/2025/0006"
"I","Nomination Details","I-nominee_seq","Nominee Sequence Number","cdsl-bo","NOMINEE_SEQ","CHAR(2)","on-modify","[direct]","01-10; line 07 repeating block sequence; rejection if duplicates","CDSL/OPS/DP/POLCY/2025/289"
"I","Nomination Details","I-nominee_seq","Nominee Sequence Number","nsdl-bo","NomSeqNb","VARCHAR(2) UDiFF","on-modify","[direct]","Sequence element 01-10; ordering element in XML","NSDL/POLICY/2025/0006"
"I","Nomination Details","I-nominee_state","Nominee State","back-office","nom_state","VARCHAR(30)","on-modify","[direct]","state for transmission stamp-duty determination","[industry typical]"
"I","Nomination Details","I-number_of_nominees","Number of Nominees","back-office","num_nominees","NUMBER(2)","on-modify","[direct]","1-10; expanded from 3 in Jan 2025","SEBI circular Jan 10, 2025"
"I","Nomination Details","I-number_of_nominees","Number of Nominees","cdsl-bo","NUM_NOMINEES","CHAR(2)","on-modify","[direct]","01-10 per SEBI Jan 10, 2025 revamp; line 07","CDSL/OPS/DP/POLCY/2025/32"
"I","Nomination Details","I-number_of_nominees","Number of Nominees","nsdl-bo","NbOfNomins","VARCHAR(2) UDiFF","on-modify","[direct]","Up to 10 nominees per BO; per SEBI Jan 10, 2025 revamp","NSDL/POLICY/2025/0006"
"I","Nomination Details","I-opt_out_declaration","Opt-Out Declaration","back-office","opt_out_decl","CHAR(1)","on-modify","[direct]","requires 30-day video declaration window; pending status persists in BO","SEBI circular Jan 10, 2025"
"I","Nomination Details","I-opt_out_declaration","Opt-Out Declaration","cdsl-bo","OPT_OUT_FLAG","CHAR(1)","one-time","[direct]","Y if nominator opts out; needs video verification per SEBI; line 07","CDSL/OPS/DP/POLCY/2025/145"
"I","Nomination Details","I-opt_out_declaration","Opt-Out Declaration","nsdl-bo","OptOutDcln","CHAR(1) UDiFF","one-time","[direct]","Opt-out flag; recorded via separate declaration block","NSDL/POLICY/2025/0030"
"J","FATCA/CRS Declaration","J-citizenship_country","Citizenship Country","ckyc","CITIZENSHIP","CHAR(3)","one-time","lookup against R","CKYC supports up to 3 citizenship countries","CKYC/2025/16"
"J","FATCA/CRS Declaration","J-citizenship_country","Citizenship Country","fatca-crs","CITIZENSHIP","CHAR(2)","on-event","[direct]","annual cadence; multi-valued (dual citizens); each citizenship potentially triggers separate CRS reporting","SEBI/HO/MIRSD/SECFATF/P/CIR/2024/12"
"J","FATCA/CRS Declaration","J-citizenship_country","Citizenship Country","kra","CITIZENSHIP","CHAR(2)","on-modify","lookup against R","ISO alpha-2; supports multiple per repeat group","SEBI/HO/MIRSD/SECFATF/P/CIR/2024/12"
"J","FATCA/CRS Declaration","J-country_of_birth","Country of Birth (FATCA)","ckyc","COUNTRY_OF_BIRTH","CHAR(3)","one-time","lookup against R","Same as A-country_of_birth; CKYC alpha-3","CKYC/2025/16"
"J","FATCA/CRS Declaration","J-country_of_birth","Country of Birth","fatca-crs","COUNTRY_OF_BIRTH","CHAR(2)","on-event","[direct]","annual cadence; ISO-3166 alpha-2; US birth -> US-person rebuttable presumption requiring renunciation evidence","SEBI/HO/MIRSD/SECFATF/P/CIR/2024/12"
"J","FATCA/CRS Declaration","J-country_of_birth","Country of Birth (FATCA)","kra","FATCA_CTRY_BIRTH","CHAR(2)","on-modify","lookup against R","ISO alpha-2; FATCA-mandated","SEBI/HO/MIRSD/SECFATF/P/CIR/2024/12"
"J","FATCA/CRS Declaration","J-fatca_declaration_date","FATCA Declaration Date","ckyc","[same]","DATE DD-MM-YYYY","one-time","formatted","CKYC may store via document submission","[industry typical]"
"J","FATCA/CRS Declaration","J-fatca_declaration_date","FATCA Declaration Date","fatca-crs","DECLARATION_DATE","DATE YYYYMMDD","on-event","formatted","annual cadence; must be within last 12 months; KRA validates < 1y for re-upload eligibility","SEBI/HO/MIRSD/SECFATF/P/CIR/2024/12"
"J","FATCA/CRS Declaration","J-fatca_declaration_date","FATCA Declaration Date","kra","FATCA_DECL_DATE","DATE DD/MM/YYYY","on-modify","formatted","Mandatory; date of self-certification","SEBI/HO/MIRSD/SECFATF/P/CIR/2024/12"
"J","FATCA/CRS Declaration","J-fatca_declaration_place","FATCA Declaration Place","ckyc","[same]","VARCHAR(50)","one-time","formatted","Industry-typical","[industry typical]"
"J","FATCA/CRS Declaration","J-fatca_declaration_place","FATCA Declaration Place","fatca-crs","DECLARATION_PLACE","VARCHAR(50)","on-event","[direct]","annual cadence; declaration city/town; free-text","SEBI/HO/MIRSD/SECFATF/P/CIR/2024/12"
"J","FATCA/CRS Declaration","J-fatca_declaration_place","FATCA Declaration Place","kra","FATCA_DECL_PLACE","VARCHAR(50)","on-modify","formatted","City of declaration","SEBI/HO/MIRSD/SECFATF/P/CIR/2024/12"
"J","FATCA/CRS Declaration","J-fatca_signature","FATCA Signature","ckyc","[same]","BLOB","one-time","[direct]","CKYC stores via document image if applicable","[industry typical]"
"J","FATCA/CRS Declaration","J-fatca_signature","FATCA Signature","fatca-crs","SIGNATURE_BLOB","BLOB","on-event","[direct]","annual cadence; digital (e-Sign hash) or scanned wet signature; uploaded as image/PDF attachment to KRA","SEBI/HO/MIRSD/SECFATF/P/CIR/2024/12"
"J","FATCA/CRS Declaration","J-fatca_signature","FATCA Signature","kra","FATCA_SIGN","BLOB","on-modify","[direct]","Digital or scanned; centralized at KRA","SEBI/HO/MIRSD/SECFATF/P/CIR/2024/12"
"J","FATCA/CRS Declaration","J-is_tax_resident_of_india_only","India Tax Resident Only","bse-ucc","FATCA_IN_ONLY","CHAR(1)","one-time","[direct]","FATCA-CRS impact area on UCC master circulars","BSE/20240223-42"
"J","FATCA/CRS Declaration","J-is_tax_resident_of_india_only","Tax Resident India Only","ckyc","TAX_RESIDENT_INDIA_ONLY","CHAR(1)","one-time","[direct]","CKYC optional; FATCA primarily handled at KRA","[industry typical]"
"J","FATCA/CRS Declaration","J-is_tax_resident_of_india_only","India-only Tax Residency Flag","fatca-crs","IND_TAX_RES_ONLY","CHAR(1)","on-event","[direct]","annual cadence (FATCA Form re-affirmed yearly); if Y, J08-J12 left blank; central upload to KRA effective Jul 1, 2024","SEBI/HO/MIRSD/SECFATF/P/CIR/2024/12"
"J","FATCA/CRS Declaration","J-is_tax_resident_of_india_only","Tax Resident India Only","kra","TAX_RES_INDIA_ONLY","CHAR(1)","on-modify","[direct]","Y/N; centralized at KRA since 01-Jul-2024; KRA stores FATCA self-cert","SEBI/HO/MIRSD/SECFATF/P/CIR/2024/12"
"J","FATCA/CRS Declaration","J-is_tax_resident_of_india_only","India Tax Resident Only","mcx-ucc","FATCA_IN_ONLY","CHAR(1)","one-time","[direct]","FATCA-CRS tagged in UCC submission per onboarding flow","MCX/TECH/394/2023"
"J","FATCA/CRS Declaration","J-is_tax_resident_of_india_only","India Tax Resident Only","nse-ucc","FATCA_IN_ONLY","CHAR(1)","one-time","[direct]","Y simplifies UCC; N triggers FATCA tax-country annex","NSE/ISC/61817"
"J","FATCA/CRS Declaration","J-is_us_person","US Person Flag","ckyc","US_PERSON_FLAG","CHAR(1)","one-time","[direct]","CKYC captures for cross-sector consistency","[industry typical]"
"J","FATCA/CRS Declaration","J-is_us_person","US Person Status","fatca-crs","US_PERSON_FLAG","CHAR(1)","on-event","[direct]","annual cadence; triggers FATCA W-9 equivalent; if Y, US TIN/SSN mandatory and J04 (green card) asked","SEBI/HO/MIRSD/SECFATF/P/CIR/2024/12"
"J","FATCA/CRS Declaration","J-is_us_person","US Person Flag","kra","US_PERSON_FLAG","CHAR(1)","on-modify","[direct]","Y/N; triggers FATCA reporting if Y","SEBI/HO/MIRSD/SECFATF/P/CIR/2024/12"
"J","FATCA/CRS Declaration","J-place_of_birth_city","Place of Birth City","ckyc","PLACE_OF_BIRTH","VARCHAR(50)","one-time","formatted","CKYC same as A-place_of_birth","CKYC/2025/16"
"J","FATCA/CRS Declaration","J-place_of_birth_city","Place of Birth City","fatca-crs","POB_CITY","VARCHAR(50)","on-event","[direct]","annual cadence; free-text city/town; cross-validated with passport place-of-birth where available","SEBI/HO/MIRSD/SECFATF/P/CIR/2024/12"
"J","FATCA/CRS Declaration","J-place_of_birth_city","Place of Birth City","kra","FATCA_POB_CITY","VARCHAR(50)","on-modify","formatted","FATCA mandatory","SEBI/HO/MIRSD/SECFATF/P/CIR/2024/12"
"J","FATCA/CRS Declaration","J-tax_country","Tax Residency Country","ckyc","[same]","CHAR(3)","one-time","lookup against R","CKYC may capture for non-US tax-residency","[industry typical]"
"J","FATCA/CRS Declaration","J-tax_country","Tax Residence Country","fatca-crs","TAX_RES_COUNTRY","CHAR(2)","on-event","[direct]","annual cadence; ISO-3166 alpha-2; one row per country of tax residence (max 5)","SEBI/HO/MIRSD/SECFATF/P/CIR/2024/12"
"J","FATCA/CRS Declaration","J-tax_country","Tax Residency Country","kra","TAX_COUNTRY","CHAR(2)","on-modify","lookup against R","Repeats up to 5 countries; KRA centralization since 01-Jul-2024","SEBI/HO/MIRSD/SECFATF/P/CIR/2024/12"
"J","FATCA/CRS Declaration","J-tax_country_seq","Tax Country Sequence","fatca-crs","TAX_RES_SEQ","NUMBER(1)","on-event","[direct]","annual cadence; 1-5; if J01=N, repeat block per non-IN tax residence","SEBI/HO/MIRSD/SECFATF/P/CIR/2024/12"
"J","FATCA/CRS Declaration","J-tax_id_number","Tax ID Number","ckyc","[same]","VARCHAR(30)","one-time","[direct]","Industry-typical mapping; CKYC optional","[industry typical]"
"J","FATCA/CRS Declaration","J-tax_id_number","Foreign Tax ID Number (TIN)","fatca-crs","FOREIGN_TIN","VARCHAR(30)","on-event","[direct]","annual cadence; TIN format varies by country; OECD TIN-online portal used for format check; uploaded to KRA per Feb 2024 circular","SEBI/HO/MIRSD/SECFATF/P/CIR/2024/12"
"J","FATCA/CRS Declaration","J-tax_id_number","Tax ID Number","kra","TAX_TIN","VARCHAR(30)","on-modify","[direct]","TIN for each tax country","SEBI/HO/MIRSD/SECFATF/P/CIR/2024/12"
"J","FATCA/CRS Declaration","J-tax_id_type","Tax ID Type","ckyc","[same]","CHAR(2)","one-time","[direct]","CKYC industry-typical","[industry typical]"
"J","FATCA/CRS Declaration","J-tax_id_type","Tax ID Type","fatca-crs","TIN_TYPE","CHAR(2)","on-event","[direct]","annual cadence; TIN/SSN/EIN; required to disambiguate identifier when country issues multiple types","SEBI/HO/MIRSD/SECFATF/P/CIR/2024/12"
"J","FATCA/CRS Declaration","J-tax_id_type","Tax ID Type","kra","TIN_TYPE","CHAR(2)","on-modify","[direct]","TIN/SSN/EIN etc","SEBI/HO/MIRSD/SECFATF/P/CIR/2024/12"
"J","FATCA/CRS Declaration","J-tin_not_available_reason","TIN Not Available Reason","ckyc","[same]","CHAR(1)","one-time","[direct]","Industry-typical","[industry typical]"
"J","FATCA/CRS Declaration","J-tin_not_available_reason","TIN Not Available Reason","fatca-crs","TIN_ABSENT_RSN","CHAR(2)","on-event","[direct]","annual cadence; A/B/C codes per OECD CRS schema; reason B (unable to obtain) requires explanation","SEBI/HO/MIRSD/SECFATF/P/CIR/2024/12"
"J","FATCA/CRS Declaration","J-tin_not_available_reason","TIN Not Available Reason","kra","TIN_NA_REASON","CHAR(1)","on-modify","[direct]","A=Country doesn't issue, B=Unable, C=Not required","SEBI/HO/MIRSD/SECFATF/P/CIR/2024/12"
"J","FATCA/CRS Declaration","J-us_green_card_holder","US Green Card Holder","ckyc","[same]","CHAR(1)","one-time","[direct]","CKYC may not capture; industry-typical extension","[industry typical]"
"J","FATCA/CRS Declaration","J-us_green_card_holder","US Green Card Holder","fatca-crs","GREEN_CARD_FLAG","CHAR(1)","on-event","[direct]","annual cadence; required if J02=Y; green-card holders are US tax persons even if Indian-resident","SEBI/HO/MIRSD/SECFATF/P/CIR/2024/12"
"J","FATCA/CRS Declaration","J-us_green_card_holder","US Green Card Holder","kra","US_GREEN_CARD","CHAR(1)","on-modify","[direct]","Conditional; affects FATCA reporting class","SEBI/HO/MIRSD/SECFATF/P/CIR/2024/12"
"J","FATCA/CRS Declaration","J-us_tin_ssn","US TIN/SSN","ckyc","[same]","VARCHAR(11)","one-time","[direct]","CKYC captures TIN when applicable","[industry typical]"
"J","FATCA/CRS Declaration","J-us_tin_ssn","US TIN / SSN","fatca-crs","US_TIN","CHAR(11)","on-event","[direct]","annual cadence; 9-digit SSN or US TIN; mandatory if J02=Y; format US-XXX-XX-XXXX accepted","SEBI/HO/MIRSD/SECFATF/P/CIR/2024/12"
"J","FATCA/CRS Declaration","J-us_tin_ssn","US TIN/SSN","kra","US_TIN","VARCHAR(11)","on-modify","[direct]","Conditional if is_us_person=Y","SEBI/HO/MIRSD/SECFATF/P/CIR/2024/12"
"K","PEP & AML Declaration","K-beneficial_owner_declaration","Beneficial Owner Self-Decl","aml-fiu","BO_SELF_FLAG","CHAR(1)","on-event","[direct]","Y means client is BO of own account; N triggers BO-details capture per PMLR 2023 (10% threshold)","FIU-IND-PMLR-AMEND-2023-03-07"
"K","PEP & AML Declaration","K-beneficial_owner_declaration","BO Declaration","back-office","bo_decl_flg","CHAR(1)","on-modify","[direct]","N triggers full BO-details capture in AML case file","SEBI/HO/MIRSD/SECFATF/P/CIR/2024/78"
"K","PEP & AML Declaration","K-beneficial_owner_declaration","Beneficial Owner Declaration","ckyc","BENEFICIAL_OWNER_DECL","CHAR(1)","one-time","[direct]","CKYC mandatory at upload","CKYC/2025/16"
"K","PEP & AML Declaration","K-beneficial_owner_declaration","Beneficial Owner Declaration","kra","BO_DECLARATION","CHAR(1)","on-modify","[direct]","Y if acting for self; PMLA Rule 9 lowered BO threshold per 2023 amendment","SEBI/HO/MIRSD/SECFATF/P/CIR/2024/78"
"K","PEP & AML Declaration","K-beneficial_owner_details","Beneficial Owner Details","aml-fiu","BO_DETAILS","VARCHAR(500)","on-event","[manual]","full BO disclosure narrative; mandatory if K05=N; FIU may demand on STR follow-up","FIU-IND-PMLR-AMEND-2023-03-07"
"K","PEP & AML Declaration","K-beneficial_owner_details","BO Details (PMLR threshold)","aml-fiu","BO_THRESHOLD_DETAILS","VARCHAR(500)","on-event","[manual]","non-individual BO at >=10% ownership/control per PMLR 7-Mar-2023; partnership threshold 10%","FIU-IND-PMLR-AMEND-2023-03-07"
"K","PEP & AML Declaration","K-beneficial_owner_details","Beneficial Owner Details","ckyc","BENEFICIAL_OWNER_DETAILS","VARCHAR(500)","one-time","formatted","CKYC captures related-persons block","CKYC/2025/16"
"K","PEP & AML Declaration","K-beneficial_owner_details","Beneficial Owner Details","kra","BO_DETAILS","VARCHAR(500)","on-modify","formatted","Conditional if BO declaration=N; details of actual BO","SEBI/HO/MIRSD/SECFATF/P/CIR/2024/78"
"K","PEP & AML Declaration","K-is_pep","PEP Status","aml-fiu","PEP_FLAG","CHAR(1)","on-event","[direct]","PEP-flagged accounts get EDD; STR triggered on any threshold breach when PEP=Y","SEBI/HO/MIRSD/SECFATF/P/CIR/2024/78"
"K","PEP & AML Declaration","K-is_pep","Is PEP","back-office","pep_flg","CHAR(1)","on-modify","[direct]","Y triggers EDD; AML risk-tier = High immediately","SEBI/HO/MIRSD/SECFATF/P/CIR/2024/78"
"K","PEP & AML Declaration","K-is_pep","PEP Flag","bse-ucc","PEP_FLAG","CHAR(1)","on-modify","[direct]","Y/N declaration for AML/EDD surveillance","BSE/20240223-42"
"K","PEP & AML Declaration","K-is_pep","PEP Flag","ckyc","PEP_FLAG","CHAR(1)","one-time","[direct]","CKYC PEP indicator; mandatory","CKYC/2025/16"
"K","PEP & AML Declaration","K-is_pep","PEP Flag","kra","PEP_FLAG","CHAR(1)","on-modify","[direct]","Y/N; triggers EDD; KRA-stored per AML master circular","SEBI/HO/MIRSD/SECFATF/P/CIR/2024/78"
"K","PEP & AML Declaration","K-is_pep","PEP Flag","mcx-ucc","PEP_FLAG","CHAR(1)","on-modify","[direct]","Y/N; AML metadata into FIU-IND reporting","MCX/MEM/707/2022"
"K","PEP & AML Declaration","K-is_pep","PEP Flag","nse-ucc","PEP_FLAG","CHAR(1)","on-modify","[direct]","Y/N; triggers EDD; surveillance reference","NSE/ISC/61817"
"K","PEP & AML Declaration","K-is_pep","Is PEP","rms","pep_risk_flg","CHAR(1)","on-modify","[direct]","Y forces conservative exposure limits and additional surveillance margin","SEBI/HO/MIRSD/SECFATF/P/CIR/2024/78"
"K","PEP & AML Declaration","K-is_pep","Is PEP","rms","rms_aml_risk_tier","VARCHAR(2)","daily","derived from Y","AML risk tier (Low/Med/High); High forces conservative exposure","SEBI/HO/MIRSD/SECFATF/P/CIR/2024/78"
"K","PEP & AML Declaration","K-is_pep_related","PEP-Related Status","aml-fiu","PEP_RELATED_FLAG","CHAR(1)","on-event","[direct]","immediate family / close associate; same EDD treatment as direct PEP per PMLR 2023 amend","FIU-IND-PMLR-AMEND-2023-03-07"
"K","PEP & AML Declaration","K-is_pep_related","Is PEP-Related","back-office","pep_related_flg","CHAR(1)","on-modify","[direct]","Y triggers EDD; flagged in BO audit trail","SEBI/HO/MIRSD/SECFATF/P/CIR/2024/78"
"K","PEP & AML Declaration","K-is_pep_related","PEP-Related Flag","ckyc","PEP_RELATED","CHAR(1)","one-time","[direct]","CKYC field for related-PEP classification","CKYC/2025/16"
"K","PEP & AML Declaration","K-is_pep_related","PEP-Related Flag","kra","PEP_RELATED","CHAR(1)","on-modify","[direct]","Related to a PEP; same EDD trigger","SEBI/HO/MIRSD/SECFATF/P/CIR/2024/78"
"K","PEP & AML Declaration","K-pep_details","PEP Details","aml-fiu","PEP_NARRATIVE","VARCHAR(200)","on-event","[manual]","free-text name/designation/relationship; included verbatim in STR Part-D narrative","SEBI/HO/MIRSD/SECFATF/P/CIR/2024/78"
"K","PEP & AML Declaration","K-pep_details","PEP Details","back-office","pep_details","VARCHAR(200)","on-modify","[direct]","free-text; appears in AML case file","SEBI/HO/MIRSD/SECFATF/P/CIR/2024/78"
"K","PEP & AML Declaration","K-pep_details","PEP Details","ckyc","PEP_DESCRIPTION","VARCHAR(200)","one-time","formatted","CKYC free text","CKYC/2020/04"
"K","PEP & AML Declaration","K-pep_details","PEP Details","kra","PEP_DETAILS","VARCHAR(200)","on-modify","formatted","Conditional; name, designation, relationship","SEBI/HO/MIRSD/SECFATF/P/CIR/2024/78"
"K","PEP & AML Declaration","K-source_of_funds","Source of Funds","aml-fiu","SOURCE_OF_FUNDS","VARCHAR(100)","on-event","[direct]","STR mandatory narrative field; PMLR amend 2023 reinforces source-of-funds capture","FIU-IND-PMLR-AMEND-2023-03-07"
"K","PEP & AML Declaration","K-source_of_funds","Source of Funds","back-office","src_of_funds","VARCHAR(100)","on-modify","[direct]","AML risk-score input; UCC re-screen quarterly","SEBI/HO/MIRSD/SECFATF/P/CIR/2024/78"
"K","PEP & AML Declaration","K-source_of_funds","Source of Funds","bse-ucc","SOURCE_OF_FUNDS","VARCHAR(100)","one-time","[direct]","AML-relevant field; carried into UCC for surveillance","BSE/20240223-42"
"K","PEP & AML Declaration","K-source_of_funds","Source of Funds","ckyc","SOURCE_OF_FUNDS","VARCHAR(100)","one-time","formatted","CKYC code list; mandatory","CKYC/2025/16"
"K","PEP & AML Declaration","K-source_of_funds","Source of Funds","kra","SRC_OF_FUNDS","VARCHAR(100)","on-modify","formatted","Salary/Business/Investments/Inheritance/Gift/Others","SEBI/HO/MIRSD/SECFATF/P/CIR/2024/78"
"K","PEP & AML Declaration","K-source_of_funds","Source of Funds","mcx-ucc","SOURCE_OF_FUNDS","VARCHAR(100)","one-time","[direct]","AML-relevant; FIU-IND FINNET 2.0 LOB metadata","MCX/MEM/411/2024"
"K","PEP & AML Declaration","K-source_of_funds","Source of Funds","nse-ucc","SOURCE_OF_FUNDS","VARCHAR(100)","one-time","[direct]","Salary/Business/Investments/Inheritance; KRA/AML tagging","NSE/ISC/61817"
"L","Trading Preferences & Segments","L-exchange_bse","Exchange BSE Flag","back-office","bse_flag","CHAR(1)","on-modify","[direct]","BSE charges schedule (different transaction-charge per scrip group)","[industry typical]"
"L","Trading Preferences & Segments","L-exchange_bse","BSE Trading Enabled","bse-ucc","EXCH_BSE","CHAR(1)","one-time","[direct]","Triggers UCC registration on BSE","BSE/20240223-42"
"L","Trading Preferences & Segments","L-exchange_bse","BSE Trading Enabled","mcx-ucc","_NA_","none","one-time","null-if-Z","Not relevant to MCX UCC","MCX/TECH/394/2023"
"L","Trading Preferences & Segments","L-exchange_bse","BSE Trading Enabled","nse-ucc","_NA_","none","one-time","null-if-Z","Not relevant to NSE UCC","NSE/ISC/61817"
"L","Trading Preferences & Segments","L-exchange_mcx","Exchange MCX Flag","back-office","mcx_flag","CHAR(1)","on-modify","[direct]","MCX commodity flag; activates MCX UCC link in BO","[industry typical]"
"L","Trading Preferences & Segments","L-exchange_mcx","MCX Trading Enabled","bse-ucc","_NA_","none","one-time","null-if-Z","Not relevant to BSE UCC","BSE/20240223-42"
"L","Trading Preferences & Segments","L-exchange_mcx","MCX Trading Enabled","mcx-ucc","EXCH_MCX","CHAR(1)","one-time","[direct]","Y triggers MCX UCC registration; required for commodity segment","MCX/TECH/394/2023"
"L","Trading Preferences & Segments","L-exchange_mcx","MCX Trading Enabled","nse-ucc","_NA_","none","one-time","null-if-Z","Not relevant to NSE UCC","NSE/ISC/61817"
"L","Trading Preferences & Segments","L-exchange_nse","Exchange NSE Flag","back-office","nse_flag","CHAR(1)","on-modify","[direct]","routing flag for NSE-bound order; NSE charges schedule applied","[industry typical]"
"L","Trading Preferences & Segments","L-exchange_nse","NSE Trading Enabled","bse-ucc","_NA_","none","one-time","null-if-Z","Not relevant to BSE UCC; informational only","BSE/20240223-42"
"L","Trading Preferences & Segments","L-exchange_nse","NSE Trading Enabled","mcx-ucc","_NA_","none","one-time","null-if-Z","Not relevant to MCX UCC","MCX/TECH/394/2023"
"L","Trading Preferences & Segments","L-exchange_nse","NSE Trading Enabled","nse-ucc","EXCH_NSE","CHAR(1)","one-time","[direct]","Triggers UCC registration on NSE","NSE/ISC/61817"
"L","Trading Preferences & Segments","L-segment_commodity","Segment Commodity","back-office","seg_com_flag","CHAR(1)","on-modify","[direct]","Y requires MCX registration and income proof","[industry typical]"
"L","Trading Preferences & Segments","L-segment_commodity","Commodity Segment","bse-ucc","BSE_COM_FLAG","CHAR(1)","one-time","[direct]","BSE commodity segment activation","BSE/20240223-42"
"L","Trading Preferences & Segments","L-segment_commodity","Commodity Segment Flag","contract-notes","SegmentCode","CHAR(2)","on-trade","lookup against R","MCX contract note carries client-category code HE/SP/AR and delivery/tender-period margin if applicable","MCXCCL/RISK/184/2025"
"L","Trading Preferences & Segments","L-segment_commodity","Commodity Segment","mcx-ucc","MCX_COM_FLAG","CHAR(1)","one-time","[direct]","Y activates trading on MCX; required UCC registration on MCX","MCX/TECH/394/2023"
"L","Trading Preferences & Segments","L-segment_commodity","Commodity Segment","nse-ucc","NSE_COM_FLAG","CHAR(1)","one-time","[direct]","Y activates COM (commodity) segment on NSE; income proof required","NSE/ISC/61817"
"L","Trading Preferences & Segments","L-segment_commodity","Segment Commodity","rms","seg_com_active","CHAR(1)","on-modify","[direct]","pre-trade hard-block on MCX orders if N","[industry typical]"
"L","Trading Preferences & Segments","L-segment_currency","Segment Currency Derivatives","back-office","seg_cd_flag","CHAR(1)","on-modify","[direct]","drives CD brokerage and exchange-transaction-charge schedule","[industry typical]"
"L","Trading Preferences & Segments","L-segment_currency","Currency Derivatives Segment","bse-ucc","BSE_CD_FLAG","CHAR(1)","one-time","[direct]","Y activates CDS on BSE","BSE/20240223-42"
"L","Trading Preferences & Segments","L-segment_currency","Currency Derivatives Segment","mcx-ucc","_NA_","none","one-time","null-if-Z","Not on MCX","MCX/TECH/394/2023"
"L","Trading Preferences & Segments","L-segment_currency","Currency Derivatives Segment","nse-ucc","NSE_CD_FLAG","CHAR(1)","one-time","[direct]","Y activates Currency Derivatives on NSE","NSE/ISC/61817"
"L","Trading Preferences & Segments","L-segment_currency","Segment Currency","rms","seg_cd_active","CHAR(1)","on-modify","[direct]","pre-trade hard-block on CD orders if N","[industry typical]"
"L","Trading Preferences & Segments","L-segment_equity_cash","Segment Equity Cash","back-office","seg_cm_flag","CHAR(1)","on-modify","[direct]","default Y; drives CM brokerage and STT computation columns","[industry typical]"
"L","Trading Preferences & Segments","L-segment_equity_cash","Segment Equity Cash","back-office","stt_rate_cm","NUMBER(7,4)","on-trade","lookup against R","STT rate lookup by segment+side; CM delivery 0.1% both sides, CM intraday 0.025% sell side","Finance Act / STT Act"
"L","Trading Preferences & Segments","L-segment_equity_cash","Segment Equity Cash","back-office","exch_txn_charge_rate","NUMBER(7,5)","on-trade","lookup against R","exchange transaction charge per segment; NSE CM 0.00297%, BSE CM 0.00375% (per scrip group)","[industry typical]"
"L","Trading Preferences & Segments","L-segment_equity_cash","Segment Equity Cash","back-office","sebi_turnover_fee_rate","NUMBER(7,5)","on-trade","lookup against R","SEBI turnover fee Rs 10 per crore (0.0001%)","SEBI Turnover Fee Notification"
"L","Trading Preferences & Segments","L-segment_equity_cash","Segment Equity Cash","back-office","brokerage_amount","NUMBER(15,2)","on-trade","derived from Y","computed from tariff sheet per segment+volume; rendered on ECN Annexure A","[industry typical]"
"L","Trading Preferences & Segments","L-segment_equity_cash","Segment Equity Cash","back-office","gst_on_brokerage_amount","NUMBER(15,2)","on-trade","derived from Y","18% GST on (brokerage + exchange transaction charge + SEBI fee)","CGST/SGST Act"
"L","Trading Preferences & Segments","L-segment_equity_cash","Equity Cash Segment","bse-ucc","BSE_CM_FLAG","CHAR(1)","one-time","[direct]","Y activates Equity Cash on BSE","BSE/20240223-42"
"L","Trading Preferences & Segments","L-segment_equity_cash","Equity Cash Segment Flag","contract-notes","SegmentCode","CHAR(2)","on-trade","lookup against R","determines which Annexure A/B template is used; segment code prints on contract note header","NSE/INSP/61999"
"L","Trading Preferences & Segments","L-segment_equity_cash","Equity Cash Segment","mcx-ucc","_NA_","none","one-time","null-if-Z","MCX does not support Equity Cash; field NULL/skipped on MCX UCC","MCX/TECH/394/2023"
"L","Trading Preferences & Segments","L-segment_equity_cash","Equity Cash Segment","nse-ucc","NSE_CM_FLAG","CHAR(1)","one-time","[direct]","Y activates Cash Market (CM) segment on NSE UCC","NSE/ISC/61817"
"L","Trading Preferences & Segments","L-segment_equity_cash","Segment Equity Cash","rms","seg_cm_active","CHAR(1)","on-modify","[direct]","pre-trade hard-block on CM orders if N","[industry typical]"
"L","Trading Preferences & Segments","L-segment_equity_cash","Segment Equity Cash","rms","position_segment","VARCHAR(2)","on-trade","[direct]","segment qualifier on each position row (CM/FNO/CD/COM)","[industry typical]"
"L","Trading Preferences & Segments","L-segment_equity_cash","Segment Equity Cash","rms","position_qty_cm","NUMBER(10)","on-trade","derived from Y","net qty per CM scrip; updated on each trade fill","[industry typical]"
"L","Trading Preferences & Segments","L-segment_equity_cash","Segment Equity Cash","rms","position_avg_price","NUMBER(15,4)","on-trade","derived from Y","VWAP across buys for the position; reset on full square-off","[industry typical]"
"L","Trading Preferences & Segments","L-segment_equity_cash","Segment Equity Cash","rms","position_mtm_realised","NUMBER(15,2)","on-trade","derived from Y","realised P&L; locked at trade fill","[industry typical]"
"L","Trading Preferences & Segments","L-segment_equity_cash","Segment Equity Cash","rms","margin_blocked_delivery","NUMBER(15,2)","on-trade","derived from Y","delivery margin for physical-settled contracts in tender window","NCL/CMPT/61801"
"L","Trading Preferences & Segments","L-segment_equity_cash","Segment Equity Cash","rms","margin_var_cm","NUMBER(15,2)","on-trade","derived from Y","VaR margin in CM segment; upfront 20% acceptable per NSE/INSP/45534","SEBI/HO/MRD2/DCAP/CIR/P/2020/127"
"L","Trading Preferences & Segments","L-segment_equity_fno","Segment F&O","back-office","seg_fno_flag","CHAR(1)","on-modify","[direct]","Y requires income proof; drives F&O brokerage and STT (sell side STT 0.0125% premium)","[industry typical]"
"L","Trading Preferences & Segments","L-segment_equity_fno","Segment F&O","back-office","stt_rate_fno","NUMBER(7,4)","on-trade","lookup against R","STT for F&O: futures sell 0.02%, options sell 0.1% premium (revised Oct 2024)","Finance Act 2024"
"L","Trading Preferences & Segments","L-segment_equity_fno","Equity F&O Segment","bse-ucc","BSE_FNO_FLAG","CHAR(1)","one-time","[direct]","Y activates F&O on BSE; income-proof tagged","BSE/20240223-42"
"L","Trading Preferences & Segments","L-segment_equity_fno","Equity F&O Segment Flag","contract-notes","SegmentCode","CHAR(2)","on-trade","lookup against R","F&O contract note includes RDD-FNO acknowledgement reference + premium/notional disclosure","NSE/INSP/61999"
"L","Trading Preferences & Segments","L-segment_equity_fno","Equity F&O Segment","mcx-ucc","_NA_","none","one-time","null-if-Z","Not applicable to MCX (commodity-only exchange)","MCX/TECH/394/2023"
"L","Trading Preferences & Segments","L-segment_equity_fno","Equity F&O Segment","nse-ucc","NSE_FNO_FLAG","CHAR(1)","one-time","[direct]","Y activates F&O on NSE; requires income proof at UCC level","NSE/ISC/61817"
"L","Trading Preferences & Segments","L-segment_equity_fno","Segment F&O","rms","seg_fno_active","CHAR(1)","on-modify","[direct]","pre-trade hard-block on F&O orders if N; pre-margin lock applies","SEBI/HO/MRD2/DCAP/CIR/P/2020/127"
"L","Trading Preferences & Segments","L-segment_equity_fno","Segment F&O","rms","position_qty_fno","NUMBER(10)","on-trade","derived from Y","net qty per F&O contract; updated tick-by-tick","[industry typical]"
"L","Trading Preferences & Segments","L-segment_equity_fno","Segment F&O","rms","position_mtm_unrealised","NUMBER(15,2)","on-trade","derived from Y","unrealised P&L; tick-by-tick MTM against LTP","[industry typical]"
"L","Trading Preferences & Segments","L-segment_equity_fno","Segment F&O","rms","margin_blocked_span","NUMBER(15,2)","on-trade","derived from Y","SPAN margin per position; from BOD nsccl.YYYYMMDD.s.spn.gz","NCL/CMPT/44391"
"L","Trading Preferences & Segments","L-segment_equity_fno","Segment F&O","rms","margin_blocked_elm","NUMBER(15,2)","on-trade","derived from Y","ELM margin per position; from ael_DDMMYYYY.csv","NCL/CMPT/61801"
"L","Trading Preferences & Segments","L-segment_equity_fno","Segment F&O","rms","margin_blocked_exposure","NUMBER(15,2)","on-trade","derived from Y","exposure margin per position; combined with SPAN+ELM at pre-trade","NCL/CMPT/61801"
"L","Trading Preferences & Segments","L-segment_equity_fno","Segment F&O","rms","margin_blocked_additional","NUMBER(15,2)","on-trade","derived from Y","additional/surveillance margin; 5% ASM-for-spoofing if flagged","NSE/SURV/41107"
"L","Trading Preferences & Segments","L-segment_equity_fno","Segment F&O","rms","mwpl_breach_flag","CHAR(1)","on-trade","derived from Y","Market-Wide Position Limit breach hard-block at pre-trade","NSE/SURV/74008"
"L","Trading Preferences & Segments","L-segment_equity_fno","Segment F&O","rms","span_scanrange_file_loaded_flag","CHAR(1)","daily","derived from Y","BOD parameter reload status; if N pre-trade defaults to stale margin","NCL/CMPT/44391"
"L","Trading Preferences & Segments","L-segment_equity_fno","Segment F&O","rms","elm_ratio_loaded_flag","CHAR(1)","daily","derived from Y","BOD ELM ratio reload status from ael file","NCL/CMPT/61801"
"L","Trading Preferences & Segments","L-segment_equity_fno","Segment F&O","rms","ccm_obligation","NUMBER(15,2)","daily","derived from Y","Consolidated Crystallised Obligation Margin per MG-12 CnsltdCrstllsdOblgtnMrg","NCL/CMPT/56502"
"L","Trading Preferences & Segments","L-segment_equity_fno","Segment F&O","rms","cross_margin_benefit","NUMBER(15,2)","on-trade","derived from Y","spread-margin benefit on same/different-expiry offsetting pairs","NCL/CMPT/62978"
"L","Trading Preferences & Segments","L-settlement_type","Settlement Type","back-office","settle_type","VARCHAR(2)","on-modify","[direct]","T+1 default; T+0 opt-in tracked in BO for differential brokerage","SEBI/HO/MRD/POD-3/P/CIR/2024/172"
"L","Trading Preferences & Segments","L-settlement_type","Settlement Type","contract-notes","SettlementCycle","CHAR(2)","on-trade","lookup against R","T+0 / T+1 marker on ECN; differential-brokerage disclosure required if T+0","SEBI/HO/MRD/POD-3/P/CIR/2024/172"
"L","Trading Preferences & Segments","L-settlement_type","Settlement Type","rms","settle_cycle","VARCHAR(2)","on-modify","[direct]","T+0 flag routes to separate settlement-session margin envelope","SEBI/HO/MRD/POD-3/P/CIR/2024/172"
"L","Trading Preferences & Segments","L-trading_experience_commodity_years","Trading Experience COM (Years)","back-office","tr_exp_com","NUMBER(2)","on-modify","[direct]","conditional; COM activation log","[industry typical]"
"L","Trading Preferences & Segments","L-trading_experience_commodity_years","Commodity Trading Experience (Years)","bse-ucc","COM_EXP_YRS","NUMBER(2)","one-time","[direct]","Required if BSE-COM opted","BSE/20240223-42"
"L","Trading Preferences & Segments","L-trading_experience_commodity_years","Commodity Trading Experience (Years)","mcx-ucc","COM_EXP_YRS","NUMBER(2)","one-time","[direct]","Mandatory; commodity experience years drives risk profile","MCX/TECH/394/2023"
"L","Trading Preferences & Segments","L-trading_experience_commodity_years","Commodity Trading Experience (Years)","nse-ucc","COM_EXP_YRS","NUMBER(2)","one-time","[direct]","Required if NSE-COM opted; 0-50","NSE/ISC/61817"
"L","Trading Preferences & Segments","L-trading_experience_equity_years","Trading Experience Equity (Years)","back-office","tr_exp_eq","NUMBER(2)","on-modify","[direct]","client suitability disclosure; retained for audit","[industry typical]"
"L","Trading Preferences & Segments","L-trading_experience_fno_years","Trading Experience F&O (Years)","back-office","tr_exp_fno","NUMBER(2)","on-modify","[direct]","conditional; F&O risk-acknowledgement record","[industry typical]"
"L","Trading Preferences & Segments","L-trading_experience_fno_years","F&O Trading Experience (Years)","bse-ucc","FNO_EXP_YRS","NUMBER(2)","one-time","[direct]","Required if F&O segment opted","BSE/20240223-42"
"L","Trading Preferences & Segments","L-trading_experience_fno_years","F&O Trading Experience (Years)","mcx-ucc","_NA_","none","one-time","null-if-Z","Not applicable to MCX","MCX/TECH/394/2023"
"L","Trading Preferences & Segments","L-trading_experience_fno_years","F&O Trading Experience (Years)","nse-ucc","FNO_EXP_YRS","NUMBER(2)","one-time","[direct]","Required if F&O segment opted; 0-50","NSE/ISC/61817"
"L","Trading Preferences & Segments","L-trading_preference","Trading Preference","back-office","trade_pref","VARCHAR(5)","on-modify","[direct]","Delivery/Intraday/Both; drives default product-tag in OMS","[industry typical]"
"L","Trading Preferences & Segments","L-trading_preference","Trading Preference","rms","default_product","VARCHAR(5)","on-modify","[direct]","default product-tag for MIS/NRML decision in RMS","[industry typical]"
"L","Trading Preferences & Segments","L-trading_preference","Trading Preference","rms","mis_squareoff_time","TIMESTAMP","on-trade","lookup against R","MIS auto square-off cut-off; equity 15:20, CDS 15:30; member RMS policy","[industry typical]"
"L","Trading Preferences & Segments","L-upi_block_opted","UPI-Block Facility Opt-in","bse-ucc","UPI_FLAG","CHAR(1)","on-modify","[direct]","'Opt for UPI' field in revised batch UCC; only validated PAN/bank/demat by 4 PM eligible","BSE/20231018-39"
"L","Trading Preferences & Segments","L-upi_block_opted","UPI-Block Facility Opt-in","mcx-ucc","_NA_","none","on-modify","null-if-Z","Not applicable to MCX (commodity segment)","MCX/TECH/394/2023"
"L","Trading Preferences & Segments","L-upi_block_opted","UPI-Block Facility Opt-in","nse-ucc","UPI_BLOCK_FLAG","CHAR(1)","on-modify","[direct]","ASBA-like Trading Supported by Blocked Amount; deregistration T-day effective T-day","NCL/CMPT/63735"
"M","Risk Profiling","M-age_group","Age Group","back-office","age_bucket","VARCHAR(2)","on-modify","derived from Y","derived from DOB; appears on suitability assessment record","[industry typical]"
"M","Risk Profiling","M-investment_horizon","Investment Horizon","back-office","inv_horizon_cd","CHAR(1)","on-modify","[direct]","S/M/L; client suitability matrix input","[industry typical]"
"M","Risk Profiling","M-investment_objective","Investment Objective","back-office","inv_obj_cd","VARCHAR(2)","on-modify","[direct]","CA/IN/WP/SP; suitability disclosure record","[industry typical]"
"M","Risk Profiling","M-risk_appetite","Risk Appetite","back-office","risk_appetite_cd","CHAR(1)","on-modify","[direct]","L/M/H; gate for high-risk-product offerings","[industry typical]"
"M","Risk Profiling","M-risk_appetite","Risk Appetite","rms","rms_risk_tier","CHAR(1)","on-modify","[direct]","L tier may cap MTF and F&O exposure multiplier","[industry typical]"
"M","Risk Profiling","M-risk_category","Risk Category","back-office","risk_cat","VARCHAR(2)","on-modify","derived from Y","Conservative/Moderate/Aggressive; appears on contract-note Annexure","[industry typical]"
"M","Risk Profiling","M-risk_category","Risk Category","regulatory-reports","RiskCategory","CHAR(2)","on-modify","[direct]","Conservative/Moderate/Aggressive feeds AML risk-bucket; drives transaction-monitoring threshold","SEBI/HO/MIRSD/SECFATF/P/CIR/2024/78"
"M","Risk Profiling","M-risk_category","Risk Category","rms","rms_client_cat","VARCHAR(2)","on-modify","[direct]","feeds exposure-limit lookup","[industry typical]"
"M","Risk Profiling","M-risk_category","Risk Category","rms","rms_client_risk_cat","VARCHAR(2)","on-modify","[direct]","Conservative/Moderate/Aggressive; caps for MTF and F&O","[industry typical]"
"M","Risk Profiling","M-risk_profile_score","Risk Profile Score","back-office","risk_score","NUMBER(3)","on-modify","derived from Y","0-100; derived from M01-M04 + F01+F03","[industry typical]"
"N","IPV / VIPV","N-ipv_date","IPV Date","back-office","ipv_date","DATE YYYYMMDD","one-time","formatted","audit","[industry typical]"
"N","IPV / VIPV","N-ipv_mode","IPV Mode","back-office","ipv_mode_cd","VARCHAR(2)","one-time","[direct]","PH/VI/AE","[industry typical]"
"N","IPV / VIPV","N-ipv_required","IPV Required","back-office","ipv_req_flg","CHAR(1)","one-time","[direct]","N if Aadhaar e-KYC or DigiLocker used; retained for audit","[industry typical]"
"N","IPV / VIPV","N-ipv_status","IPV Status","back-office","ipv_status_cd","VARCHAR(2)","on-event","[direct]","CO/PE/FA; CO required before ACTIVE flip","[industry typical]"
"N","IPV / VIPV","N-vipv_session_id","VIPV Session ID","back-office","vipv_sess_id","VARCHAR(50)","one-time","[direct]","unique session identifier; retained for retrieval","[industry typical]"
"N","IPV / VIPV","N-vipv_video_hash","VIPV Video Hash","back-office","vipv_vid_hash","CHAR(64)","one-time","[direct]","SHA-256 integrity hash","[industry typical]"
"N","IPV / VIPV","N-vipv_video_url","VIPV Video URL","back-office","vipv_vid_url","VARCHAR(500)","one-time","[direct]","tamper-proof storage URL; 8-yr retention","[industry typical]"
"O","DDPI Authorization","O-ddpi_authorization_date","DDPI Authorization Date","cdsl-bo","DDPI_AUTH_DATE","CHAR(8)","on-event","formatted","YYYYMMDD; CDSL captures DDPI registration date per UDiFF-aligned format per CDSL/OPS/DP/SYSTM/2023/43","CDSL/OPS/DP/SYSTM/2023/43"
"O","DDPI Authorization","O-ddpi_authorization_date","DDPI Authorization Date","nsdl-bo","DDPIRegnDt","ISODate (YYYY-MM-DD)","on-event","formatted","ISO 8601; NSDL capture in UDiFF format only since Sep 27, 2024 deadline","NSDL/POLICY/2024/0086"
"O","DDPI Authorization","O-ddpi_bo_id","DDPI BO ID","back-office","ddpi_bo_id","VARCHAR(16)","on-modify","[direct]","BO ID for which DDPI applies","SEBI/HO/MIRSD/DoP/P/CIR/2022/44"
"O","DDPI Authorization","O-ddpi_bo_id","DDPI BO ID","cdsl-bo","DDPI_BOID","CHAR(16)","on-event","[direct]","Same as H-bo_id; rebooted to DDPI Master table; CDSL Daiwa Active System (CDAS) linkage","CDSL/OPS/DP/SYSTM/2023/43"
"O","DDPI Authorization","O-ddpi_bo_id","DDPI BO ID","nsdl-bo","DDPIBOID","CHAR(16) UDiFF","on-event","[direct]","Same as H-bo_id (IN+14 alphanumeric); SPEED-e linkage","NSDL/POLICY/2024/0086"
"O","DDPI Authorization","O-ddpi_deregistration_date","DDPI Deregistration Date","cdsl-bo","DDPI_DEREG_DATE","CHAR(8)","on-event","formatted","YYYYMMDD; populated on de-registration; NULL means active","CDSL/OPS/DP/SYSTM/2023/43"
"O","DDPI Authorization","O-ddpi_deregistration_date","DDPI Deregistration Date","nsdl-bo","DDPIDeRegnDt","ISODate (YYYY-MM-DD)","on-event","formatted","ISO 8601; UDiFF only since Sep 27, 2024","NSDL/POLICY/2024/0086"
"O","DDPI Authorization","O-ddpi_dp_id","DDPI DP ID","cdsl-bo","DDPI_DPID","CHAR(8)","on-event","[direct]","8-digit DP ID; same as H-dp_id","CDSL/OPS/DP/SYSTM/2023/43"
"O","DDPI Authorization","O-ddpi_dp_id","DDPI DP ID","nsdl-bo","DDPIDPID","CHAR(8) UDiFF","on-event","[direct]","IN+6 digits","NSDL/POLICY/2024/0086"
"O","DDPI Authorization","O-ddpi_for_mutual_fund","DDPI for MF","back-office","ddpi_mf_flg","CHAR(1)","on-modify","[direct]","MF transactions enabled","SEBI/HO/MIRSD/DoP/P/CIR/2022/44"
"O","DDPI Authorization","O-ddpi_for_mutual_fund","DDPI for Mutual Fund","cdsl-bo","DDPI_PURPOSE_MF","CHAR(1)","on-event","[direct]","Y/N; MF transaction authorization","CDSL/OPS/DP/POLCY/2022/194"
"O","DDPI Authorization","O-ddpi_for_mutual_fund","DDPI for Mutual Fund","nsdl-bo","DDPIMFFlg","CHAR(1) UDiFF","on-event","[direct]","Y/N flag","NSDL/POLICY/2022/0052"
"O","DDPI Authorization","O-ddpi_for_pledge","DDPI for Pledge","back-office","ddpi_pledge_flg","CHAR(1)","on-modify","[direct]","pledge/re-pledge for margins enabled","SEBI/HO/MIRSD/DoP/P/CIR/2022/44"
"O","DDPI Authorization","O-ddpi_for_pledge","DDPI for Pledge","cdsl-bo","DDPI_PURPOSE_PLEDGE","CHAR(1)","on-event","[direct]","Y/N; pledging/re-pledging for margins","CDSL/OPS/DP/POLCY/2022/194"
"O","DDPI Authorization","O-ddpi_for_pledge","DDPI for Pledge","nsdl-bo","DDPIPldgFlg","CHAR(1) UDiFF","on-event","[direct]","Y/N; pledge/re-pledge flag","NSDL/POLICY/2022/0052"
"O","DDPI Authorization","O-ddpi_for_pledge","DDPI Pledge Authorization","regulatory-reports","PledgeAuthFlag","CHAR(1)","daily","[direct]","drives whether margin pledge can be auto-executed; reported in MG-18 / AMG18 client-collateral file","NCL/CMPT/56502"
"O","DDPI Authorization","O-ddpi_for_settlement","DDPI for Settlement","back-office","ddpi_settle_flg","CHAR(1)","on-modify","[direct]","transfer securities for settlement enabled","SEBI/HO/MIRSD/DoP/P/CIR/2022/44"
"O","DDPI Authorization","O-ddpi_for_settlement","DDPI for Settlement","cdsl-bo","DDPI_PURPOSE_SETTLE","CHAR(1)","on-event","[direct]","Y/N; first of 4 purpose flags per SEBI DDPI circular SEBI/HO/MIRSD/DoP/P/CIR/2022/44","CDSL/OPS/DP/POLCY/2022/194"
"O","DDPI Authorization","O-ddpi_for_settlement","DDPI for Settlement","nsdl-bo","DDPISettleFlg","CHAR(1) UDiFF","on-event","[direct]","Y/N; transfer for stock-exchange deliveries/settlement","NSDL/POLICY/2022/0052"
"O","DDPI Authorization","O-ddpi_for_tendering","DDPI for Tendering","back-office","ddpi_tender_flg","CHAR(1)","on-modify","[direct]","tendering shares in open offers/buybacks enabled","SEBI/HO/MIRSD/DoP/P/CIR/2022/44"
"O","DDPI Authorization","O-ddpi_for_tendering","DDPI for Tendering","cdsl-bo","DDPI_PURPOSE_TENDER","CHAR(1)","on-event","[direct]","Y/N; tendering in open offers/buybacks","CDSL/OPS/DP/POLCY/2022/194"
"O","DDPI Authorization","O-ddpi_for_tendering","DDPI for Tendering","nsdl-bo","DDPITndrFlg","CHAR(1) UDiFF","on-event","[direct]","Y/N flag","NSDL/POLICY/2022/0052"
"O","DDPI Authorization","O-ddpi_opted","DDPI Opted","back-office","ddpi_opted_flg","CHAR(1)","on-modify","[direct]","Y/N; cannot be denied service if N (regulatory)","SEBI/HO/MIRSD/DoP/P/CIR/2022/44"
"O","DDPI Authorization","O-ddpi_opted","DDPI Opted","cdsl-bo","DDPI_FLAG","CHAR(1)","on-event","[direct]","Y/N flag; CDSL DDPI activation 24-hour SLA post-DP receiving signed DDPI form per CDSL/OPS/DP/SYSTM/2022/332; optional - cannot refuse service","CDSL/OPS/DP/SYSTM/2022/332"
"O","DDPI Authorization","O-ddpi_opted","DDPI Opted Flag","contract-notes","DDPIRef","CHAR(1)","on-trade","[direct]","DDPI status indicator on ECN; if N, client must authorise each debit via depository TPIN","SEBI/HO/MIRSD/DoP/P/CIR/2022/44"
"O","DDPI Authorization","O-ddpi_opted","DDPI Opted","dlt-comms","DDPI_FLAG","CHAR(1)","on-event","[direct]","if Y, depository fires ""debit authorized via DDPI"" SMS on each pay-in; if N, manual CDAS/SPEED-e SMS issued","SEBI/HO/MIRSD/POD-1/P/CIR/2025/94"
"O","DDPI Authorization","O-ddpi_opted","DDPI Opted","nsdl-bo","DDPIFlg","CHAR(1) UDiFF","on-event","[direct]","Y/N flag; NSDL DDPI registration offline-paper-based with 2-3 day activation; UDiFF format only since Sep 27, 2024","NSDL/POLICY/2024/0086"
"O","DDPI Authorization","O-ddpi_scope","DDPI Scope","back-office","ddpi_scope_cd","VARCHAR(2)","on-modify","[direct]","AL/SP; drives auto-debit eligibility flag","SEBI/HO/MIRSD/DoP/P/CIR/2022/44"
"O","DDPI Authorization","O-ddpi_scope","DDPI Scope","cdsl-bo","DDPI_SCOPE","CHAR(2)","on-event","[direct]","AL=All transactions, SP=Specific; line in DDPI Master file","CDSL/OPS/DP/SYSTM/2023/43"
"O","DDPI Authorization","O-ddpi_scope","DDPI Scope","nsdl-bo","DDPIScp","CHAR(2) UDiFF","on-event","[direct]","Scope code element","NSDL/POLICY/2024/0086"
"P","Consent & Declarations","P-consent_electronic_communication","Consent Electronic Communication","back-office","e_comm_consent","CHAR(1)","on-modify","[direct]","Y required for ECN dispatch; SMS/email mandatory per Dec 2024","SEBI Dec 3, 2024 SMS/Email mandate"
"P","Consent & Declarations","P-consent_electronic_communication","Electronic Communication Consent","dlt-comms","ECN_CONSENT","CHAR(1)","on-event","[direct]","required for e-contract notes and e-statements over email; if N, only physical mode permitted","SEBI/HO/MIRSD/POD-1/P/CIR/2025/94"
"P","Consent & Declarations","P-consent_email_mobile_validation","KRA Validation SMS/Email Consent","dlt-comms","KRA_VALIDATION_CONSENT","CHAR(1)","on-event","[direct]","KRA fires SMS/email to validate registered mobile/email; without consent, KRA cannot validate; blocks KYC","SEBI/HO/MIRSD/POD-1/P/CIR/2025/94"
"P","Consent & Declarations","P-consent_kyc_data_sharing","Consent KYC Data Sharing","back-office","kyc_share_consent","CHAR(1)","one-time","[direct]","Y required to upload to KRA/CKYC; rejection blocks ACTIVE flip","[industry typical]"
"P","Consent & Declarations","P-declaration_date","Declaration Date","back-office","decl_date","DATE YYYYMMDD","one-time","formatted","appears on AOF Page 1; retained","[industry typical]"
"P","Consent & Declarations","P-declaration_place","Declaration Place","back-office","decl_place","VARCHAR(50)","one-time","[direct]","city of declaration; required on AOF","[industry typical]"
"P","Consent & Declarations","P-esign_certificate_serial","E-Sign Certificate Serial","contract-notes","BrokerDSCSerial","VARCHAR(50)","on-trade","[direct]","DSC class-3 serial of broker's authorised signatory; embedded in PDF signature dictionary","NSE/INSP/61999"
"P","Consent & Declarations","P-esign_document_hash","eSign Document Hash","back-office","esign_doc_hash","CHAR(64)","one-time","[direct]","SHA-256 of signed AOF; tamper-evidence","[industry typical]"
"P","Consent & Declarations","P-esign_document_hash","Signed Document Hash","contract-notes","ECNDocHash","CHAR(64)","on-trade","[direct]","SHA-256 hash of ECN PDF body included in DSC signature; preserved-channel proof requires hash retention","NSE/INSP/52604"
"P","Consent & Declarations","P-esign_mode","eSign Mode","back-office","esign_mode_cd","VARCHAR(2)","one-time","[direct]","AO/BI/WS; audit trail","[industry typical]"
"P","Consent & Declarations","P-esign_mode","E-Sign Mode","contract-notes","SignerMode","CHAR(2)","on-trade","[direct]","AO=Aadhaar OTP / BI=Biometric / WS=Wet; relates to onboarding e-sign not per-trade DSC","[industry typical]"
"P","Consent & Declarations","P-esign_signed_document_url","Signed Document URL","contract-notes","ECNArchiveURL","VARCHAR(500)","on-trade","[direct]","secure archive URL with 5+ year retention; tamper-proof object store","NSE/INSP/61999"
"P","Consent & Declarations","P-esign_timestamp","eSign Timestamp","back-office","esign_ts","TIMESTAMP","one-time","formatted","ISO 8601; appears on signed AOF metadata","[industry typical]"
"P","Consent & Declarations","P-esign_timestamp","E-Sign Timestamp","contract-notes","DSCSignTimestamp","TIMESTAMP ISO 8601","on-trade","formatted","RFC3161 timestamp from TSA; ECN dispatch SLA 24h from trade execution","NSE/INSP/61999"
"P","Consent & Declarations","P-esign_transaction_id","eSign Transaction ID","back-office","esign_txn_id","VARCHAR(50)","one-time","[direct]","AOF eSign txn ID; retained for 8-yr audit","[industry typical]"
"P","Consent & Declarations","P-rdd_commodity_acknowledged","Commodity Risk Disclosure Acknowledgement","contract-notes","RDDCOMRef","VARCHAR(50)","on-trade","[direct]","reference number/timestamp prints on commodity ECN; mandatory if L04=Y","MCXCCL/RISK/184/2025"
"P","Consent & Declarations","P-rdd_fno_acknowledged","F&O Risk Disclosure Acknowledgement","contract-notes","RDDFNORef","VARCHAR(50)","on-trade","[direct]","reference number/timestamp of F&O RDD prints on F&O ECN; mandatory if L02=Y","NSE/INSP/61999"
"P","Consent & Declarations","P-running_account_authorization","Running Account Authorization","back-office","ras_auth_flg","CHAR(1)","on-modify","[direct]","Y allows broker to retain funds within RAS framework","SEBI/HO/MIRSD/POD-1/P/CIR/2023/193"
"P","Consent & Declarations","P-running_account_authorization","Running Account Authorization","contract-notes","RAAuthFlag","CHAR(1)","on-trade","[direct]","signed running-account authorization is precondition for retaining client funds beyond settlement date","SEBI/HO/MIRSD/MIRSD-PoD1/P/CIR/2023/197"
"P","Consent & Declarations","P-running_account_settlement_freq","Running Account Settlement Frequency","back-office","ras_freq_cd","VARCHAR(2)","on-modify","[direct]","Q1/Q2/M; drives quarterly or monthly RAS sweep schedule","SEBI/HO/MIRSD/POD-1/P/CIR/2023/193"
"P","Consent & Declarations","P-running_account_settlement_freq","Running A/c Settlement Freq","dlt-comms","RAS_FREQ_VAR","CHAR(2)","on-event","[direct]","30-day inactive trigger SMS per SEBI Jan 2025; settlement-completion SMS uses this code for narrative","SEBI/HO/MIRSD/MIRSD-PoD1/P/CIR/2025/1"
"P","Consent & Declarations","P-tariff_sheet_acknowledged","Tariff Sheet Acknowledged","back-office","tariff_ack_flg","CHAR(1)","one-time","[direct]","brokerage and charges schedule; appears on contract-note disclosure","[industry typical]"
"P","Consent & Declarations","P-tariff_sheet_acknowledged","Tariff Sheet Acknowledgement","contract-notes","none","none","on-trade","[direct]","brokerage rate-card reference; drives derived brokerage on each trade; mismatch attracts SCORES","NSE/INSP/61999"
"P","Consent & Declarations","P-terms_conditions_accepted","T&C Accepted","back-office","tc_accepted_flg","CHAR(1)","one-time","[direct]","MITC and broker T&C accepted; eSigned copy retained 8yrs","[industry typical]"
"R","Third-Party Verification Results","R-kra_email_validated","KRA Email Validated","dlt-comms","KRA_EMAIL_VALID_FLAG","CHAR(1)","on-event","[direct]","flag set after KRA-issued email link/OTP validated","SEBI/HO/MIRSD/POD-1/P/CIR/2025/94"
"R","Third-Party Verification Results","R-kra_mobile_validated","KRA Mobile Validated","dlt-comms","KRA_MOBILE_VALID_FLAG","CHAR(1)","on-event","[direct]","flag set after KRA-issued OTP SMS validated by client; KRA blocks validation if mobile/email unvalidated","SEBI/HO/MIRSD/POD-1/P/CIR/2025/94"
"S","KRA Submission Data","S-kra_app_number","KRA Application Number","kra","APP_NO","VARCHAR(30)","one-time","[direct]","Unique application reference; shared across 5 KRAs via interoperability","SEBI/HO/MIRSD/SECFATF/P/CIR/2023/169"
"S","KRA Submission Data","S-kra_app_type","KRA Application Type","kra","APP_TYPE","CHAR(2)","one-time","[direct]","IN=Individual","[industry typical]"
"S","KRA Submission Data","S-kra_kyc_date","KRA KYC Date","kra","KYC_DATE","DATE DD/MM/YYYY","one-time","formatted","Date of original KYC capture","SEBI/HO/MIRSD/SECFATF/P/CIR/2023/169"
"S","KRA Submission","S-kra_pos_code","KRA POS Code","fatca-crs","FATCA_POS_CODE","VARCHAR(20)","on-event","[direct]","intermediary POS code stamped on FATCA upload to KRA; allows traceback to RFI per Feb 2024 circular","SEBI/HO/MIRSD/SECFATF/P/CIR/2024/12"
"S","KRA Submission Data","S-kra_pos_code","KRA POS Code","kra","POS_CODE","VARCHAR(20)","one-time","[direct]","Intermediary Point of Service code assigned by KRA","[industry typical]"
"S","KRA Submission Data","S-kra_rejection_reason","KRA Rejection Reason","kra","REJECTION_REASON","VARCHAR(200)","on-event","formatted","Free text from KRA if rejected; common: name mismatch, image quality","SEBI/HO/MIRSD/SECFATF/P/CIR/2024/41"
"S","KRA Submission Data","S-kra_submission_date","KRA Submission Date","kra","SUBMISSION_DATE","DATETIME ISO 8601","one-time","formatted","Upload within 3 working days of KYC completion","SEBI/HO/MIRSD/SECFATF/P/CIR/2023/169"
"S","KRA Submission Data","S-kra_submission_response","KRA Submission Response","kra","RESPONSE_JSON","JSON","on-event","[direct]","Full payload from KRA API; stored for audit","[industry typical]"
"S","KRA Submission Data","S-kra_submission_status","KRA Submission Status","kra","SUBMISSION_STATUS","CHAR(2)","on-event","[direct]","SU/AC/RJ; KRA validates within 2 working days","SEBI/HO/MIRSD/SECFATF/P/CIR/2024/41"
"S","KRA Submission Data","S-kra_validation_date","KRA Validation Date","kra","VALIDATION_DATE","DATETIME ISO 8601","on-event","formatted","Date when KRA completed validation","SEBI/HO/MIRSD/SECFATF/P/CIR/2024/41"
"S","KRA Submission Data","S-kra_validation_status","KRA Validation Status","kra","VALIDATION_STATUS","VARCHAR(20)","on-event","lookup against R","Status codes per Appendix A4: KYC Registered, On Hold, Rejected, etc","SEBI/HO/MIRSD/SECFATF/P/CIR/2024/41"
"S","KRA Submission Data","S-kra_verification_date","KRA Verification Date","kra","VERIFICATION_DATE","DATE DD/MM/YYYY","one-time","formatted","Date of intermediary verification of documents","SEBI/HO/MIRSD/SECFATF/P/CIR/2023/169"
"S","KRA Submission Data","S-kra_verifier_designation","KRA Verifier Designation","kra","VERIFIER_DESIG","VARCHAR(50)","one-time","formatted","Designation of authorized person","SEBI/HO/MIRSD/SECFATF/P/CIR/2023/169"
"S","KRA Submission","S-kra_verifier_name","Compliance Verifier Name","aml-fiu","STR_REPORTER_NAME","VARCHAR(100)","on-event","[direct]","Principal Officer name on STR; PO must meet FIU minimum qualifications (Feb 2025 guidance)","FIU-IND-PO-GUIDANCE-25022025"
"S","KRA Submission Data","S-kra_verifier_name","KRA Verifier Name","kra","VERIFIER_NAME","VARCHAR(100)","one-time","formatted","Person who verified KYC at intermediary","SEBI/HO/MIRSD/SECFATF/P/CIR/2023/169"
"S","KRA Submission Data","S-kra_verifier_organization","KRA Verifier Organization","kra","VERIFIER_ORG","VARCHAR(100)","one-time","formatted","Intermediary name","SEBI/HO/MIRSD/SECFATF/P/CIR/2023/169"
"T","CKYC Submission Data","T-ckyc_branch_code","CKYC Branch Code","ckyc","BRANCH_CODE","VARCHAR(20)","one-time","[direct]","RE branch identifier","CKYC/2025/16"
"T","CKYC Submission Data","T-ckyc_document_submission_type","CKYC Document Submission Type","ckyc","DOCUMENT_SUBMISSION_TYPE","VARCHAR(30)","one-time","[direct]","CERTIFIED_COPIES/EKYC/OFFLINE_VERIFICATION/DIGITAL_KYC/E_DOCUMENT/VKYC","CKYC/2025/16"
"T","CKYC Submission Data","T-ckyc_fi_code","CKYC FI Code","ckyc","FI_CODE","VARCHAR(20)","one-time","[direct]","Financial institution code assigned by CERSAI; identifies RE","CKYC/2025/16"
"T","CKYC Submission Data","T-ckyc_kin_generated","CKYC KIN Generated","ckyc","KIN","CHAR(14)","on-event","[direct]","14-digit KIN if successful; masked with 'X' prefix in search responses post 20-Jan-2025","CKYC/2024/04"
"T","CKYC Submission Data","T-ckyc_reference_id","CKYC Reference ID","ckyc","REFERENCE_ID","CHAR(14)","one-time","[direct]","Unique document reference; returned in confirmed-match response (replaces KIN since 20-Jan-2025)","CKYC/2024/04"
"T","CKYC Submission Data","T-ckyc_rejection_reason","CKYC Rejection Reason","ckyc","REJECTION_REASON","VARCHAR(200)","on-event","formatted","Common: PAN structure, image DPI/size, master-list mismatch","CKYC/2025/16"
"T","CKYC Submission Data","T-ckyc_submission_date","CKYC Submission Date","ckyc","UPLOAD_DATE","DATETIME ISO 8601","one-time","formatted","Date uploaded to CKYCRR; mandatory since 01-Aug-2024 via dual-upload mandate","SEBI/HO/MIRSD/SECFATF/P/CIR/2024/79"
"T","CKYC Submission Data","T-ckyc_submission_response","CKYC Submission Response","ckyc","RESPONSE_PAYLOAD","JSON","on-event","[direct]","Full CKYCRR API response","CKYC/2025/16"
"T","CKYC Submission Data","T-ckyc_submission_status","CKYC Submission Status","ckyc","UPLOAD_STATUS","CHAR(2)","on-event","[direct]","SU/AC/RJ; CKYCRR returns confirmed-match or fresh-upload result","CKYC/2025/16"
"T","CKYC Submission Data","T-ckyc_verifier_designation","CKYC Verifier Designation","ckyc","VERIFIER_DESIGNATION","VARCHAR(50)","one-time","formatted","Authorized official designation","CKYC/2025/16"
"T","CKYC Submission Data","T-ckyc_verifier_employee_code","CKYC Verifier Employee Code","ckyc","VERIFIER_EMPLOYEE_CODE","VARCHAR(20)","one-time","[direct]","RE employee code; mandatory","CKYC/2025/16"
"T","CKYC Submission Data","T-ckyc_verifier_name","CKYC Verifier Name","ckyc","VERIFIER_NAME","VARCHAR(100)","one-time","formatted","Person who verified KYC at RE","CKYC/2025/16"
"U","Exchange Registration (UCC)","U-bse_cd_activated","BSE CD Activation Flag","bse-ucc","BSE_CD_ACTIVATED","CHAR(1)","on-event","[direct]","Y on approval for BSE Currency Derivatives","BSE/20240223-42"
"U","Exchange Registration (UCC)","U-bse_cd_activated","BSE CD Activation Flag","mcx-ucc","_NA_","none","on-event","null-if-Z","BSE-specific","MCX/TECH/394/2023"
"U","Exchange Registration (UCC)","U-bse_cd_activated","BSE CD Activation Flag","nse-ucc","_NA_","none","on-event","null-if-Z","BSE-specific","NSE/ISC/61817"
"U","Exchange Registration (UCC)","U-bse_cm_activated","BSE CM Activation Flag","bse-ucc","BSE_CM_ACTIVATED","CHAR(1)","on-event","[direct]","Y on approval for BSE Cash Market","BSE/20240223-42"
"U","Exchange Registration (UCC)","U-bse_cm_activated","BSE CM Activation Flag","mcx-ucc","_NA_","none","on-event","null-if-Z","BSE-specific","MCX/TECH/394/2023"
"U","Exchange Registration (UCC)","U-bse_cm_activated","BSE CM Activation Flag","nse-ucc","_NA_","none","on-event","null-if-Z","BSE-specific","NSE/ISC/61817"
"U","Exchange Registration (UCC)","U-bse_fno_activated","BSE F&O Activation Flag","bse-ucc","BSE_FNO_ACTIVATED","CHAR(1)","on-event","[direct]","Y on approval for BSE Equity Derivatives","BSE/20240223-42"
"U","Exchange Registration (UCC)","U-bse_fno_activated","BSE F&O Activation Flag","mcx-ucc","_NA_","none","on-event","null-if-Z","BSE-specific","MCX/TECH/394/2023"
"U","Exchange Registration (UCC)","U-bse_fno_activated","BSE F&O Activation Flag","nse-ucc","_NA_","none","on-event","null-if-Z","BSE-specific","NSE/ISC/61817"
"U","Exchange Registration (UCC)","U-bse_ucc_status","BSE UCC Status","back-office","bse_ucc_status","VARCHAR(2)","on-event","[direct]","AP unlocks BSE order routing","[industry typical]"
"U","Exchange Registration (UCC)","U-bse_ucc_status","BSE UCC Status","bse-ucc","BSE_UCC_STATUS","CHAR(2)","on-event","[direct]","Approved/Rejected/On-Hold; post-registration name/DOB modification requires Unfreeze request with re-verification against Protean","BSE/20240223-42"
"U","Exchange Registration (UCC)","U-bse_ucc_status","BSE UCC Status","mcx-ucc","_NA_","none","on-event","null-if-Z","BSE-specific","MCX/TECH/394/2023"
"U","Exchange Registration (UCC)","U-bse_ucc_status","BSE UCC Status","nse-ucc","_NA_","none","on-event","null-if-Z","BSE-specific status","NSE/ISC/61817"
"U","Exchange Registration (UCC)","U-mcx_client_category","MCX Client Category","back-office","mcx_client_cat","VARCHAR(2)","on-modify","[direct]","HE/SP/AR; impacts commodity position limits","[industry typical]"
"U","Exchange Registration (UCC)","U-mcx_client_category","MCX Client Category","bse-ucc","_NA_","none","one-time","null-if-Z","MCX-specific","BSE/20240223-42"
"U","Exchange Registration (UCC)","U-mcx_client_category","MCX Client Category","contract-notes","ClientCategory","CHAR(2)","on-trade","[direct]","HE=Hedger / SP=Speculator / AR=Arbitrageur; appears on MCX commodity contract notes","MCXCCL/RISK/184/2025"
"U","Exchange Registration (UCC)","U-mcx_client_category","MCX Client Category","mcx-ucc","CLIENT_CATEGORY_COM","CHAR(2)","one-time","[direct]","Mandatory: HE=Hedger, SP=Speculator, AR=Arbitrageur, Farmer, VCP=Value Chain Participant, DFI, Foreign, Other; bulk disclosure required for COM segment","MCX/TECH/394/2023"
"U","Exchange Registration (UCC)","U-mcx_client_category","MCX Client Category","nse-ucc","_NA_","none","one-time","null-if-Z","MCX-specific","NSE/ISC/61817"
"U","Exchange Registration (UCC)","U-mcx_client_category","MCX Client Category","regulatory-reports","ClientCategory","CHAR(2)","daily","[direct]","bulk category-disclosure file (COM segment) per UCC Master Circular Annexure","NSE/ISC/61817"
"U","Exchange Registration (UCC)","U-mcx_client_category","MCX Client Category","rms","mcx_category","VARCHAR(2)","on-modify","[direct]","Hedger gets higher position limits than Speculator","[industry typical]"
"U","Exchange Registration (UCC)","U-mcx_com_activated","MCX COM Activation Flag","bse-ucc","_NA_","none","on-event","null-if-Z","MCX-specific","BSE/20240223-42"
"U","Exchange Registration (UCC)","U-mcx_com_activated","MCX COM Activation Flag","mcx-ucc","MCX_COM_ACTIVATED","CHAR(1)","on-event","[direct]","Y after MCX UCC approval; commodity-trade-only exchange","MCX/TECH/394/2023"
"U","Exchange Registration (UCC)","U-mcx_com_activated","MCX COM Activation Flag","nse-ucc","_NA_","none","on-event","null-if-Z","MCX-specific","NSE/ISC/61817"
"U","Exchange Registration (UCC)","U-mcx_error_account","MCX ERROR Account UCC","bse-ucc","_NA_","none","one-time","null-if-Z","MCX-specific","BSE/20240223-42"
"U","Exchange Registration (UCC)","U-mcx_error_account","MCX ERROR Account UCC","mcx-ucc","ERROR_UCC","VARCHAR(10)","one-time","[direct]","Designated 'ERROR' UCC on member's PAN required; only square-off trades allowed; Rs.10000/day penalty for fresh trades","MCX/S&I/644/2024"
"U","Exchange Registration (UCC)","U-mcx_error_account","MCX ERROR Account UCC","nse-ucc","_NA_","none","one-time","null-if-Z","MCX-specific operational requirement","NSE/ISC/61817"
"U","Exchange Registration (UCC)","U-mcx_ucc_status","MCX UCC Status","back-office","mcx_ucc_status","VARCHAR(2)","on-event","[direct]","AP unlocks MCX order routing","[industry typical]"
"U","Exchange Registration (UCC)","U-mcx_ucc_status","MCX UCC Status","bse-ucc","_NA_","none","on-event","null-if-Z","MCX-specific","BSE/20240223-42"
"U","Exchange Registration (UCC)","U-mcx_ucc_status","MCX UCC Status","mcx-ucc","MCX_UCC_STATUS","CHAR(2)","on-event","[direct]","Approved/Rejected/Pending; ERROR account (member PAN as client code 'ERROR') required before placing orders; penalty Rs.10000/month for missing ERROR account","MCX/S&I/644/2024"
"U","Exchange Registration (UCC)","U-mcx_ucc_status","MCX UCC Status","nse-ucc","_NA_","none","on-event","null-if-Z","MCX-specific","NSE/ISC/61817"
"U","Exchange Registration (UCC)","U-nse_cd_activated","NSE CD Activation Flag","bse-ucc","_NA_","none","on-event","null-if-Z","NSE-specific","BSE/20240223-42"
"U","Exchange Registration (UCC)","U-nse_cd_activated","NSE CD Activation Flag","mcx-ucc","_NA_","none","on-event","null-if-Z","NSE-specific","MCX/TECH/394/2023"
"U","Exchange Registration (UCC)","U-nse_cd_activated","NSE CD Activation Flag","nse-ucc","NSE_CD_ACTIVATED","CHAR(1)","on-event","[direct]","Y on approval for Currency Derivatives segment","NSE/ISC/61817"
"U","Exchange Registration (UCC)","U-nse_cm_activated","NSE CM Activation Flag","bse-ucc","_NA_","none","on-event","null-if-Z","NSE-specific; not on BSE UCC","BSE/20240223-42"
"U","Exchange Registration (UCC)","U-nse_cm_activated","NSE CM Activation Flag","mcx-ucc","_NA_","none","on-event","null-if-Z","NSE-specific","MCX/TECH/394/2023"
"U","Exchange Registration (UCC)","U-nse_cm_activated","NSE CM Activation Flag","nse-ucc","NSE_CM_ACTIVATED","CHAR(1)","on-event","[direct]","Y on UCC approval for CM segment","NSE/ISC/61817"
"U","Exchange Registration (UCC)","U-nse_com_activated","NSE COM Activation Flag","bse-ucc","_NA_","none","on-event","null-if-Z","NSE-specific","BSE/20240223-42"
"U","Exchange Registration (UCC)","U-nse_com_activated","NSE COM Activation Flag","mcx-ucc","_NA_","none","on-event","null-if-Z","NSE-specific (MCX has its own COM activation)","MCX/TECH/394/2023"
"U","Exchange Registration (UCC)","U-nse_com_activated","NSE COM Activation Flag","nse-ucc","NSE_COM_ACTIVATED","CHAR(1)","on-event","[direct]","Y on approval for NSE Commodity segment (bulk category-disclosure required per master)","NSE/ISC/61817"
"U","Exchange Registration (UCC)","U-nse_fno_activated","NSE F&O Activation Flag","bse-ucc","_NA_","none","on-event","null-if-Z","NSE-specific","BSE/20240223-42"
"U","Exchange Registration (UCC)","U-nse_fno_activated","NSE F&O Activation Flag","mcx-ucc","_NA_","none","on-event","null-if-Z","NSE-specific","MCX/TECH/394/2023"
"U","Exchange Registration (UCC)","U-nse_fno_activated","NSE F&O Activation Flag","nse-ucc","NSE_FNO_ACTIVATED","CHAR(1)","on-event","[direct]","Y on UCC approval for F&O; income-proof check","NSE/ISC/61817"
"U","Exchange Registration (UCC)","U-nse_ucc_status","NSE UCC Status","back-office","nse_ucc_status","VARCHAR(2)","on-event","[direct]","AP/RJ/PE; AP unlocks NSE order routing","[industry typical]"
"U","Exchange Registration (UCC)","U-nse_ucc_status","NSE UCC Status","bse-ucc","_NA_","none","on-event","null-if-Z","NSE-specific status field","BSE/20240223-42"
"U","Exchange Registration (UCC)","U-nse_ucc_status","NSE UCC Status","contract-notes","none","none","on-trade","null-if-Z","trade rejected upstream if UCC not AP=Approved; not printed on ECN","NSE/ISC/61817"
"U","Exchange Registration (UCC)","U-nse_ucc_status","NSE UCC Status","mcx-ucc","_NA_","none","on-event","null-if-Z","NSE-specific status field","MCX/TECH/394/2023"
"U","Exchange Registration (UCC)","U-nse_ucc_status","NSE UCC Status","nse-ucc","NSE_UCC_STATUS","CHAR(2)","on-event","[direct]","A=Approved, X=Mismatch/Rejected (3-param Protean failure), Active/Inactive/Closed status; 'Closed' for incomplete data clients","NSE/ISC/47869"
"U","Exchange Registration (UCC)","U-nse_ucc_status","NSE UCC Status","rms","nse_status","VARCHAR(2)","on-event","[direct]","non-AP blocks NSE order entry at pre-trade","[industry typical]"
"U","Exchange Registration (UCC)","U-suspense_account","Suspense UCC (SUSPE1234N)","bse-ucc","SUSPE_UCC","VARCHAR(10)","one-time","[direct]","Cross-exchange industry requirement; back-office only","[industry typical]"
"U","Exchange Registration (UCC)","U-suspense_account","Suspense UCC (SUSPE1234N)","mcx-ucc","SUSPE_UCC","VARCHAR(10)","one-time","[direct]","Per MCXCCL/INSP/248/2024: SUSPE1234N for unidentified client funds; must not be created in MCX UCC db; upstream funds by deadline","MCXCCL/INSP/248/2024"
"U","Exchange Registration (UCC)","U-suspense_account","Suspense UCC (SUSPE1234N)","nse-ucc","SUSPE_UCC","VARCHAR(10)","one-time","[direct]","Designated 'SUSPE1234N' on member PAN for unidentified credits; not created in Exchange UCC db (no orders allowed); deadline Dec 19 2024","NSE/INSP/68566"
"U","Exchange Registration (UCC)","U-ucc_client_type","UCC Client Type","aml-fiu","CLIENT_TYPE","CHAR(2)","on-event","[direct]","IN/HU/NR/CO; STR uses to distinguish corporate vs individual typologies","FIU-IND-REPORTING-FORMAT-V114"
"U","Exchange Registration (UCC)","U-ucc_client_type","UCC Client Type","back-office","ucc_type_cd","VARCHAR(2)","on-modify","[direct]","IN/HU/NR/CO; drives charges schedule and AML segmentation","[industry typical]"
"U","Exchange Registration (UCC)","U-ucc_client_type","UCC Client Category","bse-ucc","CLIENT_CATEGORY","CHAR(2)","one-time","[direct]","FDI and DR categories split effective Jan 11 2025; existing FDI/DR accounts must be reclassified","BSE/20250110-47"
"U","Exchange Registration (UCC)","U-ucc_client_type","UCC Client Category","mcx-ucc","CLIENT_CATEGORY","CHAR(2)","one-time","[direct]","MCX category set: HE/SP/AR/Farmer/VCP/DFI/Foreign/Other (commodity-specific)","MCX/TECH/394/2023"
"U","Exchange Registration (UCC)","U-ucc_client_type","UCC Client Category","nse-ucc","CLIENT_CATEGORY","CHAR(2)","one-time","[direct]","IN=Individual, HU=HUF, NR=NRI, CO=Corporate; FDI/DR split applies","NSE/ISC/61817"
"U","Exchange Registration (UCC)","U-ucc_client_type","UCC Client Type","regulatory-reports","ClientType","CHAR(2)","daily","lookup against R","IN/HU/NR/CO drives margin computation and segregation bucket in MG-12","NSE/ISC/61817"
"U","Exchange Registration (UCC)","U-ucc_client_type","UCC Client Type","rms","client_type","VARCHAR(2)","on-modify","[direct]","drives institutional vs retail exposure logic","[industry typical]"
"U","Exchange Registration (UCC)","U-ucc_code","UCC Code","aml-fiu","CLIENT_CODE","VARCHAR(10)","on-event","[direct]","TS7 brokerage STR mandatory field; intermediary-assigned client code used as transaction-side identifier","FIU-IND-REPORTING-FORMAT-V114"
"U","Exchange Registration (UCC)","U-ucc_code","UCC Code","back-office","ucc_code","VARCHAR(10)","one-time","uppercase","primary ledger key alongside PAN; appears on every trade record and contract note","[industry typical]"
"U","Exchange Registration (UCC)","U-ucc_code","UCC Code","back-office","client_ledger_debit","NUMBER(15,2)","on-trade","derived from Y","per-trade ledger debit; aggregated nightly batch updates client ledger","SEBI/HO/MIRSD/POD-1/P/CIR/2025/94"
"U","Exchange Registration (UCC)","U-ucc_code","UCC Code","back-office","client_ledger_credit","NUMBER(15,2)","on-trade","derived from Y","per-trade ledger credit on payout receipt","SEBI/HO/MIRSD/POD-1/P/CIR/2025/94"
"U","Exchange Registration (UCC)","U-ucc_code","UCC Code","back-office","ledger_running_balance","NUMBER(15,2)","EOD","derived from Y","running ledger balance; basis for RAS sweep eligibility","SEBI/HO/MIRSD/POD-1/P/CIR/2023/193"
"U","Exchange Registration (UCC)","U-ucc_code","UCC Code","back-office","contract_note_id","VARCHAR(30)","on-trade","derived from Y","ECN ID per client per day per exchange; SHA-256 hash of trade-set signed with DSC","NSE/INSP/53115"
"U","Exchange Registration (UCC)","U-ucc_code","UCC Code","back-office","contract_note_format","VARCHAR(2)","on-trade","[direct]","Annexure A (CN-cum-tax-invoice) or Annexure B (separate); member's choice","NSE/INSP/53115"
"U","Exchange Registration (UCC)","U-ucc_code","UCC Code","back-office","contract_note_dispatch_status","VARCHAR(2)","on-event","[direct]","DI=Dispatched, FA=Failed, PE=Pending; T+24h SLA per SEBI","NSE/INSP/53115"
"U","Exchange Registration (UCC)","U-ucc_code","UCC Code","back-office","quarterly_stmt_dispatch_dt","DATE YYYYMMDD","on-event","derived from Y","quarterly statement dispatch date; mandatory via email per investor-servicing framework","SEBI/HO/MIRSD/POD-1/P/CIR/2025/94"
"U","Exchange Registration (UCC)","U-ucc_code","UCC Code","back-office","ucc_modification_log_id","VARCHAR(20)","on-modify","[direct]","modification log row per UCC change; submitted to exchange via ENIT/BEFS","[industry typical]"
"U","Exchange Registration (UCC)","U-ucc_code","UCC Code","bse-ucc","UCC","VARCHAR(10)","one-time","[direct]","Broker-assigned; primary key in BEFS UCC submission","BSE/20240223-42"
"U","Exchange Registration (UCC)","U-ucc_code","Unique Client Code","contract-notes","UCC","VARCHAR(10)","on-trade","uppercase","exchange-issued client identifier; mandatory on ECN line item per exchange","NSE/ISC/61817"
"U","Exchange Registration (UCC)","U-ucc_code","UCC Code","dlt-comms","CLIENT_CODE_VAR","VARCHAR(10)","on-event","[direct]","printed in trade-confirm SMS to identify account; mandatory per SEBI Dec 2024 alert circular","SEBI/HO/MIRSD/POD-1/P/CIR/2025/94"
"U","Exchange Registration (UCC)","U-ucc_code","UCC Code","mcx-ucc","UCC","VARCHAR(10)","one-time","[direct]","Broker-assigned; up to 5000 records per file upload (per MCX/S&I/742/2024)","MCX/S&I/742/2024"
"U","Exchange Registration (UCC)","U-ucc_code","UCC Code","nse-ucc","UCC","VARCHAR(10)","one-time","[direct]","Broker-assigned alphanumeric code; primary key for client on NSE UCI Online","NSE/ISC/61817"
"U","Exchange Registration (UCC)","U-ucc_code","Unique Client Code","regulatory-reports","UCC","VARCHAR(10)","daily","uppercase","primary key in MG-12 / MG-13 / MG-18 client-margin files; designated SUSPE1234N for unidentified funds","NCL/CMPL/64088"
"U","Exchange Registration (UCC)","U-ucc_code","UCC for SLBM","regulatory-reports","UCC_SLBM","VARCHAR(10)","daily","uppercase","SLBS settlement-calendar circulars use UCC + member-code keying; first-leg Type L + reverse-leg Type P","NCL/CMPT/67763"
"U","Exchange Registration (UCC)","U-ucc_code","UCC Code","rms","ucc","VARCHAR(10)","one-time","uppercase","primary key for per-client margin envelope; SEG file uses UCC","NCL/CMPT/55381"
"U","Exchange Registration (UCC)","U-ucc_code","UCC Code","rms","ucc_position_key","VARCHAR(10)","on-trade","uppercase","UCC is the key for client-level position aggregation; SEG file primary key","NCL/CMPT/55381"
"U","Exchange Registration (UCC)","U-ucc_code","UCC Code","rms","peak_margin_1130","NUMBER(15,2)","on-trade","derived from Y","11:30 IST snapshot; preserves margin position for DMF reconciliation","SEBI/HO/MRD2/DCAP/CIR/P/2020/127"
"U","Exchange Registration (UCC)","U-ucc_code","UCC Code","rms","peak_margin_1230","NUMBER(15,2)","on-trade","derived from Y","12:30 IST snapshot; one of four daily peak captures","SEBI/HO/MRD2/DCAP/CIR/P/2020/127"
"U","Exchange Registration (UCC)","U-ucc_code","UCC Code","rms","peak_margin_1330","NUMBER(15,2)","on-trade","derived from Y","13:30 IST snapshot; one of four daily peak captures","SEBI/HO/MRD2/DCAP/CIR/P/2020/127"
"U","Exchange Registration (UCC)","U-ucc_code","UCC Code","rms","peak_margin_1430","NUMBER(15,2)","on-trade","derived from Y","14:30 IST snapshot; final peak of day; clearing-corp picks one at random per CC","SEBI/HO/MRD2/DCAP/CIR/P/2020/127"
"U","Exchange Registration (UCC)","U-ucc_code","UCC Code","rms","surveillance_otr_flag","CHAR(1)","on-trade","derived from Y","OTR breach cooling-off flag; 15-min order cooling-off next day","NSE/SURV/45016"
"U","Exchange Registration (UCC)","U-ucc_code","UCC Code","rms","surveillance_gsm_block_flag","CHAR(1)","on-trade","lookup against R","GSM-list scrip flag on the order; stage III/IV imposes 100% margin","NSE/SURV/74008"
"U","Exchange Registration (UCC)","U-ucc_code","UCC Code","rms","surveillance_asm_margin_uplift","NUMBER(5,2)","on-trade","lookup against R","ASM stage margin uplift %; applied to scrip-level orders","NSE/SURV/74008"
"U","Exchange Registration (UCC)","U-ucc_code","UCC Code","rms","seg_file_allocation","NUMBER(15,2)","EOD","derived from Y","SEG file (SEGCM/SEGTM) client-level allocation; SA01-SA06 reason codes on short-allocation","NCL/CMPT/55381"
"U","Exchange Registration (UCC)","U-ucc_code","UCC Code","rms","mg12_client_margin","NUMBER(15,2)","EOD","derived from Y","MG-12 client-level margin file row; submitted to clearing corp","NCL/CMPT/45516"
"U","Exchange Registration (UCC)","U-ucc_registration_date","UCC Registration Date","back-office","ucc_reg_date","DATE YYYYMMDD","one-time","formatted","audit field","[industry typical]"
"U","Exchange Registration (UCC)","U-ucc_registration_date","UCC Registration Date","bse-ucc","UCC_REG_DT","DATE DD/MM/YYYY","one-time","formatted","BEFS registration date","BSE/20240223-42"
"U","Exchange Registration (UCC)","U-ucc_registration_date","UCC Registration Date","mcx-ucc","UCC_REG_DT","DATE DDMMYYYY","one-time","formatted","Registration date in MCX UCC database","MCX/TECH/394/2023"
"U","Exchange Registration (UCC)","U-ucc_registration_date","UCC Registration Date","nse-ucc","UCC_REG_DT","DATE DDMMYYYY","one-time","formatted","Date of initial upload to UCI Online","NSE/ISC/61817"
"V","NRI-Specific Requirements","V-nre_nro_account_type","NRE/NRO Account Type","back-office","nre_nro_type","VARCHAR(3)","on-modify","[direct]","NRE/NRO; settlement routing rule in BO","[industry typical]"
"V","NRI-Specific Requirements","V-nre_nro_bank_account","NRE/NRO Bank Account","back-office","nre_nro_acct","VARCHAR(18)","on-modify","[direct]","settlement account for NRI funds payout","[industry typical]"
"V","NRI-Specific Requirements","V-nre_nro_ifsc","NRE/NRO IFSC","back-office","nre_nro_ifsc","CHAR(11)","on-modify","uppercase","NEFT/RTGS routing for NRI payout","[industry typical]"
"V","NRI-Specific","V-nre_nro_swift_code","SWIFT Code","aml-fiu","COUNTERPARTY_SWIFT","CHAR(11)","on-event","[direct]","CBWTR mandatory for foreign-leg bank ID; required when wire >Rs 5L per Rule 3(1)(D) PMLR","FIU-IND-CBWT-FAQ"
"V","NRI-Specific Requirements","V-nri_trading_route","NRI Trading Route","back-office","nri_route_cd","VARCHAR(2)","on-modify","[direct]","PI/NP; PI restricts to delivery-only (no intraday)","[industry typical]"
"V","NRI-Specific Requirements","V-nri_trading_route","NRI Trading Route","regulatory-reports","NRIRouteFlag","CHAR(2)","daily","[direct]","PI=PIS / NP=Non-PIS; permitted reason-code in SA01-06 short-allocation files (NRI trades = permitted reason)","NCL/CMPT/55381"
"V","NRI-Specific Requirements","V-nri_trading_route","NRI Trading Route","rms","nri_route","VARCHAR(2)","on-modify","[direct]","PI route hard-blocks intraday/F&O orders at pre-trade","[industry typical]"
"V","NRI-Specific","V-overseas_address_line1","Overseas Address Line1","aml-fiu","COUNTERPARTY_ADDRESS","VARCHAR(100)","on-event","[direct]","CBWTR counterparty address; required for international wire reporting","FIU-IND-CBWT-FAQ"
"V","NRI-Specific Requirements","V-overseas_address_line1","Overseas Address Line 1","back-office","ovs_addr1","VARCHAR(100)","on-modify","[direct]","NRI mandatory; FATCA correspondence address","[industry typical]"
"V","NRI-Specific","V-overseas_address_line1","Overseas Address Line1","fatca-crs","OVERSEAS_ADDR_L1","VARCHAR(100)","on-event","[direct]","NRI overseas residential address; CRS account-holder address","SEBI/HO/MIRSD/SECFATF/P/CIR/2024/12"
"V","NRI-Specific","V-overseas_country","Overseas Country","aml-fiu","BENEFICIARY_COUNTRY","CHAR(2)","on-event","[direct]","CBWTR direction field ""P"" sender / ""R"" receiver; reports filed separately","FIU-IND-CBWT-FAQ"
"V","NRI-Specific Requirements","V-overseas_country","Overseas Country","back-office","ovs_country","CHAR(2)","on-modify","[direct]","ISO code; FATCA jurisdiction lookup","[industry typical]"
"V","NRI-Specific","V-overseas_country","Overseas Country","fatca-crs","OVERSEAS_COUNTRY","CHAR(2)","on-event","[direct]","NRI overseas address country; mandatory CRS indicia for non-resident accounts","SEBI/HO/MIRSD/SECFATF/P/CIR/2024/12"
"V","NRI-Specific Requirements","V-pis_account_number","PIS Account Number","back-office","pis_acct_no","VARCHAR(20)","on-modify","[direct]","designated AD-bank PIS account; settlement route","[industry typical]"
"V","NRI-Specific Requirements","V-pis_account_number","PIS Bank Account Number","contract-notes","none","none","on-trade","[direct]","NRI ECN routes settlements to PIS bank account; reflected in running-account ledger not on per-trade ECN","[industry typical]"
"V","NRI-Specific Requirements","V-pis_bank_name","PIS Bank Name","back-office","pis_bank","VARCHAR(100)","on-modify","[direct]","displayed on NRI account-statement header","[industry typical]"
"V","NRI-Specific Requirements","V-pis_permission_status","PIS Permission Status","back-office","pis_status_flg","CHAR(1)","on-modify","[direct]","NRI mandatory; needed to enable NRI ledger flag","[industry typical]"
"V","NRI-Specific Requirements","V-repatriation_status","Repatriation Status","back-office","repat_status","VARCHAR(2)","on-modify","[direct]","RP/NR; impacts ledger account-bucket","[industry typical]"
"V","NRI-Specific Requirements","V-repatriation_status","Repatriation Status","rms","repat_flag","VARCHAR(2)","on-modify","[direct]","drives separate margin envelope (NRE vs NRO funds)","[industry typical]"
"V","NRI-Specific","V-tax_residency_certificate","Tax Residency Certificate","fatca-crs","TRC_DOCUMENT","BLOB","on-event","[direct]","NRI-only; supporting document for foreign-tax-residence claim; uploaded if claiming DTAA treaty benefits","SEBI/HO/MIRSD/SECFATF/P/CIR/2024/12"
"W","Minor / Joint / POA Accounts","W-conversion_to_major_done","Conversion to Major Done","back-office","conv_major_flg","CHAR(1)","on-event","[direct]","if N past majority date, freeze account per 30-day rule","[industry typical]"
"W","Minor / Joint / POA Accounts","W-conversion_to_major_done","Conversion Done","rms","majority_done_flg","CHAR(1)","on-event","[direct]","N past majority freezes order entry at pre-trade","[industry typical]"
"W","Minor / Joint / POA Accounts","W-date_of_majority","Date of Majority","back-office","majority_date","DATE YYYYMMDD","on-modify","derived from Y","DOB+18yr; drives 30-day conversion-to-major workflow trigger","[industry typical]"
"W","Minor / Joint / POA Accounts","W-guardian_name","Guardian Name (Minor)","back-office","guardian_minor_nm","VARCHAR(100)","on-modify","[direct]","appears on minor account statement","[industry typical]"
"W","Minor / Joint / POA Accounts","W-guardian_pan","Guardian PAN","back-office","guardian_minor_pan","CHAR(10)","on-modify","uppercase","required for minor ledger","[industry typical]"
"W","Minor / Joint / POA Accounts","W-guardian_relationship","Guardian Relationship","back-office","guardian_rel_cd","VARCHAR(2)","on-modify","[direct]","FA/MO/CG; CG requires court-order doc","[industry typical]"
"W","Minor / Joint / POA Accounts","W-holding_type","Holding Type","back-office","holding_type_cd","VARCHAR(2)","on-modify","[direct]","SI/J2/J3; J2/J3 trigger 2nd/3rd holder ledger logic","[industry typical]"
"W","Minor Joint POA","W-holding_type","Holding Type","contract-notes","HoldingPattern","CHAR(2)","on-trade","[direct]","SI/J2/J3 prints on ECN header; joint ECN routed to all holders","[industry typical]"
"W","Minor / Joint / POA Accounts","W-is_minor_account","Minor Account Flag","back-office","minor_flg","CHAR(1)","on-modify","derived from Y","derived from DOB<18; restricts to delivery-only","[industry typical]"
"W","Minor Joint POA","W-is_minor_account","Minor Account Flag","contract-notes","MinorFlag","CHAR(1)","on-trade","[direct]","minor restricted to delivery only; F&O/intraday trades rejected upstream","[industry typical]"
"W","Minor / Joint / POA Accounts","W-is_minor_account","Minor Account Flag","rms","minor_block_flg","CHAR(1)","on-modify","derived from Y","minor flag blocks F&O/intraday at pre-trade pipeline","[industry typical]"
"W","Minor / Joint / POA Accounts","W-operation_mode","Operation Mode","back-office","op_mode_cd","VARCHAR(2)","on-modify","[direct]","ES/AS/JO; drives signature-verification rule","[industry typical]"
"X","Margin Pledge & Collateral","X-collateral_type_preference","Collateral Type Preference","back-office","coll_type_pref","VARCHAR(2)","on-modify","[direct]","CA/SE/FD/ET; drives 50%-cash-equivalent rule check","NCL/CMPT/65498"
"X","Margin Pledge & Collateral","X-collateral_type_preference","Collateral Type Preference","regulatory-reports","CollateralType","CHAR(2)","daily","[direct]","CA/SE/FD/ET drives column in MG-18 client-collateral file; 50% cash equivalent rule at CM level","NCL/CMPT/67751"
"X","Margin Pledge & Collateral","X-collateral_type_preference","Collateral Type","rms","coll_mix","VARCHAR(2)","on-modify","[direct]","50% cash-equivalent rule applied at margin computation","NCL/CMPT/65498"
"X","Margin Pledge & Collateral","X-collateral_type_preference","Collateral Type Preference","rms","margin_50pct_cash_check","CHAR(1)","on-trade","derived from Y","Y/N flag; 50% cash-equivalent rule applied at order entry","NCL/CMPT/61800"
"X","Margin Pledge & Collateral","X-daily_margin_report_status","Daily Margin Report Status","back-office","dmr_status_cd","VARCHAR(2)","EOD","[direct]","CO/NC; flagged if peak-margin snapshot showed shortfall","SEBI/HO/MRD2/DCAP/CIR/P/2020/127"
"X","Margin Pledge & Collateral","X-daily_margin_report_status","DMR Status","rms","dmr_status","VARCHAR(2)","EOD","[direct]","NC triggers next-day pre-trade margin freeze for that client","SEBI/HO/MRD2/DCAP/CIR/P/2020/127"
"X","Margin Pledge & Collateral","X-mtf_agreement_date","MTF Agreement Date","back-office","mtf_agree_dt","DATE YYYYMMDD","one-time","formatted","audit field","[industry typical]"
"X","Margin Pledge & Collateral","X-mtf_enabled","MTF Enabled","back-office","mtf_flg","CHAR(1)","on-modify","[direct]","Y activates CSMFA pledge account routing","NCL/CMPT/63669"
"X","Margin Pledge & Collateral","X-mtf_enabled","MTF Enabled Flag","contract-notes","MTFFlag","CHAR(1)","on-trade","[direct]","MTF line-item handling per revised Annexure A/B; CSMFA pledge reference printed","NSE/INSP/61999"
"X","Margin Pledge & Collateral","X-mtf_enabled","MTF Enabled","rms","mtf_active","CHAR(1)","on-modify","[direct]","MTF-active client routes to CSMFA pledge envelope","NCL/CMPT/63669"
"X","Margin Pledge & Collateral","X-mtf_interest_rate","MTF Interest Rate","back-office","mtf_int_rate","NUMBER(5,2)","on-modify","[direct]","%pa; appears on contract-note charges breakdown","[industry typical]"
"X","Margin Pledge & Collateral","X-mtf_limit_sanctioned","MTF Limit Sanctioned","back-office","mtf_limit","NUMBER(15,2)","on-modify","[direct]","INR; sanctioned MTF facility cap","[industry typical]"
"X","Margin Pledge & Collateral","X-mtf_limit_sanctioned","MTF Limit Sanctioned","regulatory-reports","MTFFundedAmount","NUMBER(15,2)","daily","[direct]","funded MTF amount reported in CFR; CSMFA-pledge against client demat keyed by primary BO ID","NCL/CMPT/63669"
"X","Margin Pledge & Collateral","X-mtf_limit_sanctioned","MTF Limit Sanctioned","rms","mtf_cap","NUMBER(15,2)","on-modify","[direct]","hard cap on MTF exposure at order entry","[industry typical]"
"X","Margin Pledge & Collateral","X-online_pledge_activated","Online Pledge Activated","back-office","online_pledge_flg","CHAR(1)","on-modify","[direct]","Y enables broker-portal pledge initiation","SEBI/HO/MIRSD/DOP/CIR/P/2020/28"
"X","Margin Pledge & Collateral","X-pledge_consent_obtained","Pledge Consent Obtained","back-office","pledge_consent_flg","CHAR(1)","on-modify","[direct]","Y allows margin-pledge file generation; OTP-confirmed","SEBI/HO/MIRSD/DOP/CIR/P/2020/28"
"X","Margin Pledge & Collateral","X-total_pledged_value","Total Pledged Value","back-office","pledged_value_inr","NUMBER(15,2)","EOD","derived from Y","current total with haircut applied; recomputed nightly","NCL/CMPT/65498"
"X","Margin Pledge & Collateral","X-total_pledged_value","Total Pledged Collateral Value","regulatory-reports","PledgedValue","NUMBER(15,2)","daily","derived from Y","net of prudential haircut per CC approved-securities Annexure; haircut 40-100% phased on un-approved","ICCL 20240710-11"
"X","Margin Pledge & Collateral","X-total_pledged_value","Total Pledged Value (post-haircut)","rms","pledged_post_haircut","NUMBER(15,2)","EOD","derived from Y","post-haircut value feeds available-margin calc; recomputed at EOD parameter reload","NCL/CMPT/65498"
"X","Margin Pledge & Collateral","X-total_pledged_value","Total Pledged Value","rms","margin_collected_collateral","NUMBER(15,2)","daily","derived from Y","post-haircut collateral value at BOD parameter reload","NCL/CMPT/65498"
"Y","Account Lifecycle","Y-account_status","Account Status","aml-fiu","ACCOUNT_STATE","CHAR(2)","on-event","[direct]","frozen/suspended accounts on UNSC match send ""freeze report"" to MHA via FIU","SEBI/HO/MIRSD/SECFATF/P/CIR/2024/78"
"Y","Account Lifecycle & Dormancy","Y-account_status","Account Status","back-office","acct_status_cd","VARCHAR(2)","on-event","[direct]","AC/IN/DO/SU/CL; drives ledger eligibility for new trades","SEBI framework for automated deactivation Jul 2022"
"Y","Account Lifecycle & Dormancy","Y-account_status","Account Status (Active/Inactive)","bse-ucc","UCC_STATUS_FLAG","CHAR(2)","on-event","[direct]","Uniform inactive treatment across MIIs; demat accounts freeze if KRA flags KYC invalid","BSE/20241202-5"
"Y","Account Lifecycle","Y-account_status","Account Status","dlt-comms","STATUS_VAR","CHAR(2)","on-event","lookup against R","populates status-change SMS body (""Your a/c is now Active/Dormant/Suspended""); auto-fired on Y01 change","SEBI/HO/MIRSD/POD-1/P/CIR/2025/94"
"Y","Account Lifecycle & Dormancy","Y-account_status","Account Status (Active/Inactive)","mcx-ucc","UCC_STATUS_FLAG","CHAR(2)","on-event","[direct]","Inactive = no trades 24 months on MCX (not 12); pre-flag notification mandatory; messaging restrictions on reactivation","MCX/INSP/716/2024"
"Y","Account Lifecycle & Dormancy","Y-account_status","Account Status (Active/Inactive)","nse-ucc","UCC_STATUS_FLAG","CHAR(2)","on-event","[direct]","No trades 12 months = 'Inactive'; reactivation requires fresh due diligence and IPV","NSE/INSP/43488"
"Y","Account Lifecycle & Dormancy","Y-account_status","Account Status","rms","client_status","VARCHAR(2)","on-event","[direct]","IN/DO/SU/CL blocks all new orders at pre-trade","SEBI framework for automated deactivation Jul 2022"
"Y","Account Lifecycle & Dormancy","Y-account_status_date","Account Status Date","back-office","acct_status_dt","DATE YYYYMMDD","on-event","formatted","last status-change date; audit","[industry typical]"
"Y","Account Lifecycle & Dormancy","Y-account_status_reason","Account Status Reason","back-office","acct_status_reason","VARCHAR(100)","on-event","[direct]","free-text; preserves dormancy/suspension cause","[industry typical]"
"Y","Account Lifecycle & Dormancy","Y-auto_deactivation_date","Auto Deactivation Date","back-office","auto_deactiv_dt","DATE YYYYMMDD","on-event","formatted","SEBI framework for inadequate KYC","SEBI framework for automated deactivation Jul 2022"
"Y","Account Lifecycle & Dormancy","Y-closure_funds_settled","Closure Funds Settled","back-office","closure_funds_flg","CHAR(1)","on-event","[direct]","must be Y before final closure","SEBI/HO/MIRSD/POD-1/P/CIR/2025/94"
"Y","Account Lifecycle & Dormancy","Y-closure_request_date","Closure Request Date","back-office","closure_req_dt","DATE YYYYMMDD","on-event","formatted","client closure intimation; starts settlement-of-dues workflow","SEBI/HO/MIRSD/POD-1/P/CIR/2025/94"
"Y","Account Lifecycle & Dormancy","Y-closure_request_date","Closure Request Date","back-office","closure_workflow_state","VARCHAR(2)","on-event","derived from Y","PE=Pending obligations, FS=Funds-settled, SS=Sec-settled, CL=Closed","SEBI/HO/MIRSD/POD-1/P/CIR/2025/94"
"Y","Account Lifecycle & Dormancy","Y-closure_securities_settled","Closure Securities Settled","back-office","closure_secs_flg","CHAR(1)","on-event","[direct]","must be Y before final closure","SEBI/HO/MIRSD/POD-1/P/CIR/2025/94"
"Y","Account Lifecycle & Dormancy","Y-days_inactive","Days Inactive","back-office","days_inactive","NUMBER(5)","EOD","derived from Y","auto-calc; >365 typically flags dormancy","SEBI framework for automated deactivation Jul 2022"
"Y","Account Lifecycle & Dormancy","Y-dormancy_declaration_date","Dormancy Declaration Date","back-office","dormancy_dt","DATE YYYYMMDD","on-event","formatted","set when inactive>12mo per broker policy","SEBI framework for automated deactivation Jul 2022"
"Y","Account Lifecycle & Dormancy","Y-final_closure_date","Final Closure Date","back-office","final_close_dt","DATE YYYYMMDD","on-event","formatted","audit-retained per 8-yr SEBI rule","[industry typical]"
"Y","Account Lifecycle","Y-kyc_validity_end","KYC Validity End","aml-fiu","KYC_EXPIRY","DATE YYYYMMDD","on-event","formatted","5-year cycle; stale KYC accounts on suspect activity trigger automatic STR review","SEBI/HO/MIRSD/SECFATF/P/CIR/2024/78"
"Y","Account Lifecycle & Dormancy","Y-kyc_validity_end","KYC Validity End","back-office","kyc_valid_end","DATE YYYYMMDD","on-modify","formatted","5-yr or risk-based; triggers re-KYC workflow at expiry","[industry typical]"
"Y","Account Lifecycle & Dormancy","Y-kyc_validity_start","KYC Validity Start","back-office","kyc_valid_start","DATE YYYYMMDD","on-modify","formatted","start of re-KYC cycle","[industry typical]"
"Y","Account Lifecycle & Dormancy","Y-last_trade_date","Last Trade Date","back-office","last_trade_dt","DATE YYYYMMDD","EOD","derived from Y","rolled forward by nightly batch; drives dormancy timer","SEBI framework for automated deactivation Jul 2022"
"Y","Account Lifecycle & Dormancy","Y-next_kyc_review_date","Next KYC Review Date","back-office","next_kyc_rev_dt","DATE YYYYMMDD","on-modify","derived from Y","computed from risk-tier (2/8/10 yrs)","[industry typical]"
"Y","Account Lifecycle & Dormancy","Y-ovd_expiry_date","OVD Expiry Date","back-office","ovd_expiry_dt","DATE YYYYMMDD","on-modify","formatted","if Passport/DL; triggers ovd-re-fetch reminder","[industry typical]"
"Y","Account Lifecycle & Dormancy","Y-reactivation_fresh_kyc","Reactivation Fresh KYC","back-office","react_fresh_kyc_flg","CHAR(1)","on-event","[direct]","Y if dormant>12mo; mandates re-KYC before order entry","SEBI framework for automated deactivation Jul 2022"
"Y","Account Lifecycle & Dormancy","Y-reactivation_request_date","Reactivation Request Date","back-office","react_req_dt","DATE YYYYMMDD","on-event","formatted","client-initiated reactivation trigger","SEBI framework for automated deactivation Jul 2022"
"Z","Audit Trail & Modification","Z-approval_status","Approval Status","back-office","appr_status_cd","VARCHAR(2)","on-event","[direct]","PE/AP/RJ; pending blocks downstream propagation","[industry typical]"
"Z","Audit Trail","Z-checker_id","STR Checker ID","aml-fiu","STR_CHECKER_USER","VARCHAR(50)","on-event","[direct]","Principal Officer or Designated Director who signs STR/CTR before FINnet upload","FIU-IND-FINGATE-USERMANUAL-REPORTS"
"Z","Audit Trail & Modification","Z-checker_id","Checker ID","back-office","checker_id","VARCHAR(50)","on-event","[direct]","checker user-ID; segregation-of-duties enforced","[industry typical]"
"Z","Audit Trail & Modification","Z-field_name","Field Name Modified","back-office","field_changed","VARCHAR(50)","on-modify","[direct]","which field was changed","[industry typical]"
"Z","Audit Trail","Z-investigation_status","Investigation Status","aml-fiu","INVESTIGATION_STATE","CHAR(2)","on-event","[direct]","OP/CL; retained for 5+ years post-closure; FIU may re-open with follow-up request","SEBI/HO/MIRSD/SECFATF/P/CIR/2024/78"
"Z","Audit Trail","Z-maker_id","STR Maker ID","aml-fiu","STR_MAKER_USER","VARCHAR(50)","on-event","[direct]","user who flagged transaction; FINnet 2.0 e-sign trail captures","FIU-IND-FINGATE-USERMANUAL-REPORTS"
"Z","Audit Trail & Modification","Z-maker_id","Maker ID","back-office","maker_id","VARCHAR(50)","on-modify","[direct]","maker-checker mandatory; cannot be same as checker","[industry typical]"
"Z","Audit Trail & Modification","Z-modification_date","Modification Date","back-office","mod_ts","TIMESTAMP","on-modify","formatted","ISO 8601; chronological audit","[industry typical]"
"Z","Audit Trail & Modification","Z-modification_id","Modification ID","back-office","mod_id","VARCHAR(20)","on-modify","[direct]","unique key per change; maker-checker primary key","[industry typical]"
"Z","Audit Trail & Modification","Z-modification_source","Modification Source","back-office","mod_source_cd","VARCHAR(2)","on-modify","[direct]","CR/CO/KR/SY; KRA-updates flagged differently from CR","[industry typical]"
"Z","Audit Trail & Modification","Z-modified_by_user","Modified By User","back-office","mod_user_id","VARCHAR(50)","on-modify","[direct]","maker user-ID; access-trail input","[industry typical]"
"Z","Audit Trail & Modification","Z-new_value","New Value","back-office","new_value","VARCHAR(500)","on-modify","[direct]","new value; appears on modification report","[industry typical]"
"Z","Audit Trail & Modification","Z-old_value","Old Value","back-office","old_value","VARCHAR(500)","on-modify","[direct]","previous value; retained for 8 yrs","[industry typical]"
"Z","Audit Trail","Z-sar_filed","STR Filed Flag","aml-fiu","STR_FILED_FLAG","CHAR(1)","on-event","[direct]","set to Y on FINnet 2.0 acknowledgement; SAR is legacy name for STR in master-dataset","SEBI/HO/MIRSD/SECFATF/P/CIR/2024/78"
"Z","Audit Trail & Modification","Z-sar_filed","SAR Filed","back-office","sar_filed_flg","CHAR(1)","on-event","[direct]","STR filed with FIU-IND; cross-reference to aml-fiu destination","SEBI/HO/MIRSD/SECFATF/P/CIR/2024/78"
"Z","Audit Trail","Z-sar_filing_date","STR Filing Date","aml-fiu","STR_FILING_DATE","DATE YYYYMMDD","on-event","formatted","STR must be filed within 7 working days of suspicion confirmation per PMLA","SEBI/HO/MIRSD/SECFATF/P/CIR/2024/78"
"Z","Audit Trail","Z-suspicious_activity_flagged","Suspicious Activity Flagged","aml-fiu","STR_TRIGGER_FLAG","CHAR(1)","on-event","[direct]","internal flag triggering STR workflow; alert-indicator engine sets Y on capital-market typologies","FIU-IND-CAPITAL-MARKET-ALERTS-2022-23"
"Z","Audit Trail & Modification","Z-suspicious_activity_flagged","Suspicious Activity Flagged","back-office","sus_act_flg","CHAR(1)","on-event","[direct]","Y triggers AML case-file creation","SEBI/HO/MIRSD/SECFATF/P/CIR/2024/78"
"Z","Audit Trail","Z-suspicious_activity_type","Suspicious Activity Type","aml-fiu","STR_TYPE_CODE","VARCHAR(50)","on-event","lookup against R","typology code (synchronized trade / off-market transfer / mis-utilisation of client funds); per FIU alert indicators","FIU-IND-CAPITAL-MARKET-ALERTS-2022-23"
"[cfr]","Client Funding Report","cfr-bank_balance","Client Bank Balance","regulatory-reports","BankBalance","NUMBER(15,2)","on-event","[direct]","weekly cadence; bank-balance API; funded portion of BG only counted as cash-equivalent","NSE/INSP/52724"
"[cfr]","Client Funding Report","cfr-cash_balance","Client Cash Balance","regulatory-reports","CashBalance","NUMBER(15,2)","on-event","[direct]","weekly cadence (Friday or first working day); migrated to daily T+1 API submission Jan-2023","NSE/INSP/55039"
"[cfr]","Client Funding Report","cfr-fdr_lien_value","FDR Lien Value","regulatory-reports","FDRLienValue","NUMBER(15,2)","on-event","[direct]","weekly cadence; tenure <= 1 year, pre-terminable on demand, principal protected, no funded/non-funded facility against","MCXCCL/MEM/216/2023"
"[cfr]","Client Funding Report","cfr-holding_value","Client Holding Statement Value","regulatory-reports","HoldingValue","NUMBER(15,2)","on-event","derived from Y","weekly cadence; aggregated client-by-client funding position; valuation per CC approved-securities haircut","NSE/INSP/55039"
"[cfr]","Client Funding Report","cfr-margin_funded_amount","MTF Funded Amount","regulatory-reports","MTFAmount","NUMBER(15,2)","on-event","[direct]","weekly cadence; CSMFA pledge against client primary demat; reported per UCC","NCL/CMPT/63669"
"[cfr]","Client Funding Report","cfr-mf_pledged","Mutual Fund Pledge Value","regulatory-reports","MFOSPledge","NUMBER(15,2)","on-event","derived from Y","weekly cadence; Overnight MFOS haircut 5% effective Aug-2024; other schemes VaR with 9% min","ICCL 20240710-11"
"[cfr]","Client Funding Report","cfr-submission_date","CFR Submission Date","regulatory-reports","SubmissionDate","DATE YYYYMMDD","on-event","formatted","weekly cadence; previously Friday; now daily T+1 API submission via ENIT-NEW-COMPLIANCE","NSE/INSP/55039"
"[dmf]","Daily Margin File","dmf-amg18_collateral_release_reason","Collateral Release Reason Code","regulatory-reports","ReleaseReasonCode","VARCHAR(50)","daily","lookup against R","TM-wise reason codes per Section G of MCXCCL/RISK master: unpaid securities/MTF, statutory levies, brokerage, DP charges","MCXCCL/MEM/216/2023"
"[dmf]","Daily Margin File","dmf-cash_collateral","Cash Collateral","regulatory-reports","CashCollateral","NUMBER(15,2)","daily","[direct]","client cash deposited with CC via TM upstream; column in MG-18 client-collateral file","NCL/CMPT/67751"
"[dmf]","Daily Margin File","dmf-clearing_member_code","Clearing Member Code","regulatory-reports","CMCode","VARCHAR(10)","daily","[direct]","CM-level identifier in MGCM/AMGCM file naming","NCL/CMPT/56502"
"[dmf]","Daily Margin File","dmf-file_name","MG-12 File Name","regulatory-reports","MG12FileName","VARCHAR(80)","daily","formatted","NSE_FO_MG12_<member>_DDMMYYYY.csv.gz per CC nomenclature; CM segment uses NCL_CM_MG12","NCL/CMPT/56502"
"[dmf]","Daily Margin File","dmf-non_cash_collateral","Non-Cash Collateral","regulatory-reports","NonCashCollateral","NUMBER(15,2)","daily","derived from Y","FDR + BG funded + MFOS + securities-pledged; 50% cash-equivalent rule at CM level","NCL/CMPT/67751"
"[dmf]","Daily Margin File","dmf-report_date","Margin Report Date","regulatory-reports","ReportDate","DATE DDMMYYYY","daily","formatted","trade date for which margins computed; appears in file name suffix DDMMYYYY","NCL/CMPT/56502"
"[dmf]","Daily Margin File","dmf-segment_code","Segment Code","regulatory-reports","SegmentCode","CHAR(3)","daily","[direct]","CM/FO/CD/COM; MG-13 aggregates at segment level; MG-12 at client level","NCL/CMPL/44977"
"[dmf]","Daily Margin File","dmf-trading_member_code","Trading Member Code","regulatory-reports","TMCode","VARCHAR(10)","daily","[direct]","TM-level identifier in MGTM/AMGTM file naming","NCL/CMPT/56502"
"[ecn-meta]","ECN Metadata","ecn-algo_id","Algo ID","contract-notes","AlgoID","VARCHAR(20)","on-trade","[direct]","tagged for algo-originated retail orders; mandatory per Feb-2025 SEBI retail-algo framework","SEBI/HO/MIRSD/MIRSD-PoD/P/CIR/2025/0000013"
"[ecn-meta]","ECN Metadata","ecn-broker_address","Broker Registered Address","contract-notes","BrokerAddress","VARCHAR(500)","on-trade","[direct]","registered office address printed in ECN header","NSE/INSP/61999"
"[ecn-meta]","ECN Metadata","ecn-broker_authorised_signatory","Broker Authorised Signatory","contract-notes","AuthorisedSigner","VARCHAR(100)","on-trade","[direct]","name and designation of broker DSC signer; printed alongside DSC","NSE/INSP/61999"
"[ecn-meta]","ECN Metadata","ecn-broker_compliance_officer_contact","Compliance Officer Contact","contract-notes","ComplianceContact","VARCHAR(200)","on-trade","[direct]","name + phone + email of CO printed in ECN footer per revised format","NSE/INSP/61999"
"[ecn-meta]","ECN Metadata","ecn-broker_exchange_registration","Broker Exchange Membership Number","contract-notes","ExchMemberNo","VARCHAR(20)","on-trade","uppercase","exchange-specific membership ID; NSE / BSE / MCX as applicable","NSE/INSP/61999"
"[ecn-meta]","ECN Metadata","ecn-broker_gstin","Broker GSTIN","contract-notes","BrokerGSTIN","CHAR(15)","on-trade","uppercase","state-specific GSTIN; multiple GSTINs if broker registered in multiple states","NSE/INSP/61999"
"[ecn-meta]","ECN Metadata","ecn-broker_sebi_registration","Broker SEBI Registration Number","contract-notes","SEBIReg","VARCHAR(20)","on-trade","uppercase","broker SEBI registration number prints in ECN header block","NSE/INSP/61999"
"[ecn-meta]","ECN Metadata","ecn-clearing_member_id","Clearing Member ID","contract-notes","CMID","VARCHAR(20)","on-trade","[direct]","CM ID used for settlement; printed on ECN for client visibility per revised format","NSE/INSP/61999"
"[ecn-meta]","ECN Metadata","ecn-ecn_archive_path","ECN Archive Path","contract-notes","ArchivePath","VARCHAR(500)","on-trade","formatted","5+ year retention; SHA-256 integrity hash retained alongside; SEBI Stock Broker Regs 8-yr record-retention","SEBI/HO/MIRSD/POD-1/P/CIR/2025/94"
"[ecn-meta]","ECN Metadata","ecn-ecn_delivery_channel","ECN Delivery Channel","contract-notes","DeliveryChannel","CHAR(4)","on-trade","[direct]","EMAIL / SMS / IM; multiple channels permitted per NSE/INSP/52604; DLT-template required for SMS/IM","NSE/INSP/52604"
"[ecn-meta]","ECN Metadata","ecn-ecn_dispatch_timestamp","ECN Dispatch Timestamp","contract-notes","DispatchTimestamp","TIMESTAMP ISO 8601","on-trade","formatted","T+24h SLA from trade execution; preserved-channel log retains delivery proof","NSE/INSP/61999"
"[ecn-meta]","ECN Metadata","ecn-ecn_format_template","ECN Template Code","contract-notes","TemplateCode","CHAR(2)","on-trade","[direct]","AA=Annexure A (CN-cum-Tax-Invoice) / AB=Annexure B (CN + separate tax invoice)","NSE/INSP/61999"
"[ecn-meta]","ECN Metadata","ecn-static_ip","Static IP for Algo Orders","contract-notes","none","none","on-trade","[direct]","whitelisted static IP retained in OMS audit log; not printed on ECN but cross-referenced","SEBI/HO/MIRSD/MIRSD-PoD/P/CIR/2025/0000013"
"[ecn-meta]","ECN Metadata","ecn-trading_terminal_id","Trading Terminal ID","contract-notes","TerminalID","VARCHAR(20)","on-trade","[direct]","terminal from which order originated; required for algo trade trace per Feb-2025 SEBI circular","SEBI/HO/MIRSD/MIRSD-PoD/P/CIR/2025/0000013"
"[ecn-tax]","Tax Lines","tax-stt_buy_intraday","STT Buy Intraday","contract-notes","STT_Buy_Intra","NUMBER(15,2)","on-trade","derived from Y","0.025% on sell-side intraday delivery / 0.1% on delivery; rate per Finance Act, computed by CC","NSE/INSP/61999"
"[ecn-tax]","Tax Lines","tax-stt_ctt","Commodity Transaction Tax","contract-notes","CTT","NUMBER(15,2)","on-trade","derived from Y","MCX non-agri commodities sell-side; rate per Finance Act","NSE/INSP/61999"
"[ecn-tax]","Tax Lines","tax-stt_delivery","STT Delivery","contract-notes","STT_Delivery","NUMBER(15,2)","on-trade","derived from Y","both buy and sell side delivery; rate per Finance Act","NSE/INSP/61999"
"[ecn-tax]","Tax Lines","tax-stt_fno_futures","STT F&O Futures","contract-notes","STT_Futures","NUMBER(15,2)","on-trade","derived from Y","sell-side futures STT; rate per Finance Act","NSE/INSP/61999"
"[ecn-tax]","Tax Lines","tax-stt_fno_options","STT F&O Options","contract-notes","STT_Options","NUMBER(15,2)","on-trade","derived from Y","sell-side options STT on premium; exercise STT on intrinsic value; rate per Finance Act","NSE/INSP/61999"
"[margin]","Margin Computation","margin-consolidated_crystallised_obligation","Consolidated Crystallised Obligation Margin","regulatory-reports","CnsltdCrstllsdOblgtnMrg","NUMBER(15,2)","daily","derived from Y","introduced via NCL/CMPT/56502 Apr-2023; T+2 collection window per NCL/CMPL/44977 Annexure A","NCL/CMPT/56502"
"[margin]","Margin Computation","margin-delivery_margin","Delivery Margin","regulatory-reports","DlvryMrgn","NUMBER(15,2)","daily","derived from Y","F&O delivery margin column in MG-12; commodity tender-period margin separate","NCL/CMPT/61801"
"[margin]","Margin Computation","margin-elm","Extreme Loss Margin","regulatory-reports","LossMrgn","NUMBER(15,2)","daily","derived from Y","ELM rate from CC ELM file (ael_DDMMYYYY.csv); F&O segment","NCL/CMPT/56502"
"[margin]","Margin Computation","margin-end_of_day_requirement","End of Day Margin Requirement","regulatory-reports","EndOfDayRqrmnt","NUMBER(15,2)","daily","derived from Y","ISO-tagged field in AMGCM/AMGTM; EOD positions + BOD margin parameters","NCL/CMPT/56502"
"[margin]","Margin Computation","margin-shortfall_amount","Margin Shortfall Amount","regulatory-reports","Shortfall","NUMBER(15,2)","daily","derived from Y","required - collected; shortfall < 1L AND < 10% attracts 0.5% penalty; else 1.0%","NSE/INSP/64315"
"[margin]","Margin Computation","margin-shortfall_flag","Margin Shortfall Flag","regulatory-reports","ShortfallFlag","CHAR(1)","daily","derived from Y","Y if shortfall > 0 at snapshot or EOD; combined with SA01-06 for highest-of-four penalty","NCL/CMPT/55381"
"[margin]","Margin Computation","margin-span_margin","SPAN Margin","regulatory-reports","SPANMrgn","NUMBER(15,2)","daily","derived from Y","computed by CC SPAN engine from EOD risk parameters; reflected in AMG18 / MGCM ISO-tag","NCL/CMPT/56502"
"[margin]","Margin Computation","margin-total_margin_collected","Total Margin Collected","regulatory-reports","MarginCollected","NUMBER(15,2)","daily","[direct]","client ledger cash + securities-pledged-with-haircut + FDR + BG funded portion","NCL/CMPT/67751"
"[margin]","Margin Computation","margin-total_margin_required","Total Margin Required","regulatory-reports","TotalMarginRequired","NUMBER(15,2)","daily","derived from Y","MG-12 client-level total margin; per-client across CM/F&O/CD/Commodity","NCL/CMPL/44977"
"[margin]","Margin Computation","margin-var_margin","VaR Margin","regulatory-reports","VaRMargin","NUMBER(15,2)","daily","derived from Y","CM segment; 20% upfront acceptable in lieu per NSE/INSP/45534; CC continues VaR+ELM basis","NSE/INSP/64315"
"[peak-margin]","Peak Margin Reporting","pm-collateral_value","Collateral Value at Snapshot","regulatory-reports","CollateralValue","NUMBER(15,2)","daily","derived from Y","allocated + re-pledged after prudential haircut excluding 50:50 rule; checked across NCL segments + other CCs","NCL/CMPT/55381"
"[peak-margin]","Peak Margin Reporting","pm-peak_margin_requirement","Peak Margin Requirement","regulatory-reports","PeakMarginReq","NUMBER(15,2)","daily","derived from Y","max of 4 intraday snapshots per client; included in client-margin reporting file to TM/CM","MCXCCL/RISK/184/2025"
"[peak-margin]","Peak Margin Reporting","pm-short_allocation_amount","Short Allocation Amount","regulatory-reports","ShortAllocation","NUMBER(15,2)","daily","derived from Y","min upfront margin less collateral value; penalty if not justified by permitted reason code","NCL/CMPT/55381"
"[peak-margin]","Peak Margin Reporting","pm-short_allocation_reason_code","Short Allocation Reason Code","regulatory-reports","ReasonCode","CHAR(2)","daily","[direct]","5 permitted codes: excess at other CC, EPI of securities, wrong-client trades, NRI trades, late allocation acceptance","NCL/CMPT/55381"
"[peak-margin]","Peak Margin Reporting","pm-snapshot_seq","Snapshot Sequence","regulatory-reports","SnapshotSeq","CHAR(4)","daily","[direct]","SA01/02/03 = intraday at snapshot; SA04/05/06 = EOD/max; nomenclature per NCL/CMPT/55381","NCL/CMPT/55381"
"[peak-margin]","Peak Margin Reporting","pm-snapshot_time","Snapshot Timestamp","regulatory-reports","SnapshotTime","TIMESTAMP HHMMSS","daily","formatted","CC takes 4 random snapshots in 11:00-11:30 / 12:30-13:00 / 13:30-14:00 / 14:30-15:00 windows","MCXCCL/RISK/184/2025"
"[reporting]","Reporting Cadence","rep-gst_monthly_return","GST Monthly Return","regulatory-reports","GSTR3B","NUMBER(18,2)","on-event","derived from Y","monthly cadence; GSTR-1 + GSTR-3B; brokers register GSTIN per state of supply","SEBI/HO/MIRSD/POD-1/P/CIR/2025/94"
"[reporting]","Reporting Cadence","rep-sebi_turnover_fee_halfyear","SEBI Turnover Fee Half-Yearly","regulatory-reports","SEBIHYFee","NUMBER(18,2)","on-event","derived from Y","half-yearly cadence; half-year ending 30 Sep / 31 Mar; Schedule III SEBI Stock Brokers Regs","SEBI/HO/MIRSD/POD-1/P/CIR/2025/94"
"[reporting]","Reporting Cadence","rep-stamp_duty_monthly","Stamp Duty Monthly Remittance","regulatory-reports","StampDutyRemittance","NUMBER(18,2)","on-event","derived from Y","monthly cadence per state; CC centralised collection since Jul-2020 under amended Indian Stamp Rules","NSE/INSP/61999"
"[reporting]","Reporting Cadence","rep-stt_monthly_remittance","STT Monthly Remittance","regulatory-reports","STTRemittance","NUMBER(18,2)","on-event","derived from Y","monthly cadence; collected daily, deposited monthly per IT Act Section 104","NSE/INSP/61999"
"[settlement]","Settlement Obligation","sett-auction_difference","Auction Difference","regulatory-reports","AuctionDiff","NUMBER(15,2)","on-event","derived from Y","collected from short-delivering member when auction rate exceeds settlement price; auction T+2","NCL/CMPT/71441"
"[settlement]","Settlement Obligation","sett-internal_shortage_valuation","Internal Shortage Valuation","regulatory-reports","InternalShortageVal","NUMBER(15,2)","on-event","derived from Y","valuation at settlement price + 20% mark; payment due by noon on settlement day","NCL/CMPT/66779"
"[settlement]","Settlement Obligation","sett-pay_in_obligation","Pay-in Obligation","regulatory-reports","PayInObligation","NUMBER(15,2)","daily","derived from Y","client-level pay-in obligation in CC obligation file; gross pay-in to CC required for direct payout","NCL/CMPT/66779"
"[settlement]","Settlement Obligation","sett-pay_out_amount","Pay-out Amount","regulatory-reports","PayoutAmount","NUMBER(15,2)","daily","derived from Y","securities direct-credited to client demat by CC (CDSL) or earmarked (NSDL); not via broker pool","NCL/CMPT/63669"
"[surveillance]","Surveillance Metadata","surv-gsm_esm_asm_flag","GSM/ESM/ASM Stage Flag","regulatory-reports","SurvFlag","CHAR(4)","daily","lookup against R","drives penny-stock audit triggers; reported in surveillance file; client-level monitoring","NSE/SURV/67801"
"[surveillance]","Surveillance Metadata","surv-position_limit_utilisation","Position Limit Utilisation","regulatory-reports","PositionLimitPct","NUMBER(5,2)","daily","derived from Y","client-level MWPL utilisation; risk-reduction-mode at 90% TM/CM level","NCL/CMPT/61801"
"[trade]","Trade Execution","trade-brokerage","Brokerage Amount","contract-notes","Brokerage","NUMBER(15,2)","on-trade","derived from Y","computed from tariff-sheet brokerage slab; differential rate permitted for T+0; capped at 2.5% per SEBI Stock Broker Regs","NSE/INSP/61999"
"[trade]","Trade Execution","trade-buy_sell_flag","Buy/Sell Flag","contract-notes","BuySell","CHAR(1)","on-trade","[direct]","B=Buy / S=Sell; drives sign of charges and STT applicability","NSE/INSP/61999"
"[trade]","Trade Execution","trade-contract_number","Contract Note Number","contract-notes","ContractNoteNo","VARCHAR(30)","on-trade","formatted","broker-assigned unique sequential per-client per-day per-segment; format <PREFIX>/<DDMMYYYY>/<SEQ>","NSE/INSP/61999"
"[trade]","Trade Execution","trade-exchange_code","Exchange Code","contract-notes","Exchange","CHAR(4)","on-trade","lookup against R","NSE/BSE/MCX; routes per-exchange charges table lookup","NSE/INSP/61999"
"[trade]","Trade Execution","trade-exchange_turnover_charge","Exchange Turnover Charge","contract-notes","ExchTurnoverCharge","NUMBER(15,2)","on-trade","derived from Y","per-exchange rate card; appears as separate line item on revised ECN","NSE/INSP/61999"
"[trade]","Trade Execution","trade-expiry_date","F&O Expiry Date","contract-notes","ExpiryDate","DATE YYYYMMDD","on-trade","formatted","F&O only; appears with symbol/strike on contract line","NSE/INSP/61999"
"[trade]","Trade Execution","trade-gst_cgst","CGST on Brokerage","contract-notes","CGST","NUMBER(15,2)","on-trade","derived from Y","9% on intra-state supplies; computed on brokerage + exchange charges + SEBI fee","NSE/INSP/61999"
"[trade]","Trade Execution","trade-gst_igst","IGST on Brokerage","contract-notes","IGST","NUMBER(15,2)","on-trade","derived from Y","18% on inter-state supplies; CGST/SGST or IGST mutually exclusive based on place-of-supply","NSE/INSP/61999"
"[trade]","Trade Execution","trade-gst_sgst","SGST on Brokerage","contract-notes","SGST","NUMBER(15,2)","on-trade","derived from Y","9% on intra-state supplies; same base as CGST","NSE/INSP/61999"
"[trade]","Trade Execution","trade-ipft","Investor Protection Fund Charge","contract-notes","IPFT","NUMBER(15,2)","on-trade","derived from Y","nominal per-crore charge to IPF; appears on revised ECN as separate line","NSE/INSP/61999"
"[trade]","Trade Execution","trade-isin","ISIN","contract-notes","ISIN","CHAR(12)","on-trade","[direct]","prints in delivery-trade line item; required for direct-payout obligation reconciliation","NCL/CMPT/63669"
"[trade]","Trade Execution","trade-lot_size","F&O Lot Size","contract-notes","LotSize","NUMBER(10,0)","on-trade","[direct]","F&O contract multiplier; exchange-published","NSE/INSP/61999"
"[trade]","Trade Execution","trade-mtm_value","F&O Mark-to-Market","contract-notes","MTM","NUMBER(15,2)","on-trade","derived from Y","F&O ECN reflects MTM and option-premium-paid/received per Annexure A/B","NSE/INSP/61999"
"[trade]","Trade Execution","trade-net_consideration","Net Consideration","contract-notes","NetAmount","NUMBER(18,2)","on-trade","derived from Y","gross trade value +/- all charges (brokerage, STT, GST, exch, SEBI, stamp, IPFT); rounded to paise","NSE/INSP/61999"
"[trade]","Trade Execution","trade-option_type","Option Type","contract-notes","OptionType","CHAR(2)","on-trade","[direct]","CE=Call European / PE=Put European; F&O only","NSE/INSP/61999"
"[trade]","Trade Execution","trade-order_number","Order Number","contract-notes","OrderID","VARCHAR(30)","on-trade","[direct]","exchange-issued order ref; printed on each trade line item","NSE/INSP/61999"
"[trade]","Trade Execution","trade-quantity","Trade Quantity","contract-notes","Quantity","NUMBER(15,0)","on-trade","[direct]","cumulative per ISIN/symbol per side; F&O lot-size applied","NSE/INSP/61999"
"[trade]","Trade Execution","trade-sebi_turnover_fee","SEBI Turnover Fee","contract-notes","SEBIFee","NUMBER(15,2)","on-trade","derived from Y","fee rate per SEBI Stock Brokers Regulations Schedule III; brokers pay half-yearly to SEBI","SEBI/HO/MIRSD/POD-1/P/CIR/2025/94"
"[trade]","Trade Execution","trade-settlement_number","Settlement Number","contract-notes","SettlementNo","VARCHAR(20)","on-trade","[direct]","seven-digit exchange settlement identifier; 2425828 = first direct-payout settlement Feb-2025","NCL/CMPT/66779"
"[trade]","Trade Execution","trade-stamp_duty","Stamp Duty","contract-notes","StampDuty","NUMBER(15,2)","on-trade","derived from Y","state-wise rate per Indian Stamp Act 1899 (Jul-2020 amended); centralised collection by CC on behalf of states","NSE/INSP/61999"
"[trade]","Trade Execution","trade-strike_price","Option Strike Price","contract-notes","StrikePrice","NUMBER(15,4)","on-trade","[direct]","options only; required field on F&O ECN","NSE/INSP/61999"
"[trade]","Trade Execution","trade-stt","Securities Transaction Tax","contract-notes","STT","NUMBER(15,2)","on-trade","derived from Y","computed by CC and reflected in revised CN format; rates per Finance Act; remitted monthly to govt","NSE/INSP/61999"
"[trade]","Trade Execution","trade-symbol","Trading Symbol","contract-notes","Symbol","VARCHAR(20)","on-trade","[direct]","NSE/BSE symbol or contract descriptor; expiry/strike for derivatives appended","NSE/INSP/61999"
"[trade]","Trade Execution","trade-trade_number","Trade Number","contract-notes","TradeID","VARCHAR(30)","on-trade","[direct]","exchange-issued trade ref; unique per leg","NSE/INSP/61999"
"[trade]","Trade Execution","trade-trade_price","Trade Price","contract-notes","TradePrice","NUMBER(15,4)","on-trade","[direct]","price at which trade executed; weighted-avg if multiple fills aggregated","NSE/INSP/61999"
"[trade]","Trade Execution","trade-trade_time","Trade Execution Time","contract-notes","TradeTime","TIMESTAMP HHMMSS","on-trade","[direct]","HHMMSS in IST; for off-market and block trades use special trade-time annotation","NSE/INSP/61999"
"[trade]","Trade Execution","trade-trade_value","Trade Value","contract-notes","GrossValue","NUMBER(18,2)","on-trade","derived from Y","quantity * price; sign reflects buy/sell","NSE/INSP/61999"
